,number,value,datetime_start,datetime_complete,duration,params_batchnorm,params_batchsize,params_beta_1,params_beta_2,params_dense_dropout_factor,params_epsilon,params_input_dropout_factor,params_learning_rate,params_nb_dense_layers,params_num_hidden0,params_num_hidden1,params_num_hidden2,params_num_hidden3,params_num_hidden4,params_num_hidden5,params_num_hidden6,params_num_hidden7,params_num_hidden_input,state
0,0,0.07611992955207825,2021-08-06 21:31:27.308382,2021-08-06 21:33:33.412700,0 days 00:02:06.104318,True,512,0.20367929572796653,1.3148089299164525,0.05625666162128584,3.294630812244191e-05,0.17955544536875206,0.09628605508691387,8,7.92125562818222,66.57252022778889,257.9774706697009,13.945644560583283,9.707837283908114,26.951501685080153,76.59708808240408,8.73932580970313,44.29045490499297,COMPLETE
1,1,0.07611992955207825,2021-08-06 21:33:33.458740,2021-08-06 21:37:01.453959,0 days 00:03:27.995219,False,64,0.15132279976383184,1.24505961998311,0.26381981228735724,0.00017890718869439655,0.13034813785738392,0.017515929517496472,2,4.840508330973922,158.18636246826713,,,,,,,147.2076642474654,COMPLETE
2,2,0.07611992955207825,2021-08-06 21:37:01.491533,2021-08-06 21:38:13.736742,0 days 00:01:12.245209,False,256,0.5905564310014725,0.27878987621159407,0.24656193673333948,1.1125967761371758e-06,0.4686634870821061,0.0011451123357868432,4,153.0545983593819,275.5374946805249,6.705851122453579,170.47495639680275,,,,,57.240691255330205,COMPLETE
3,3,0.07610520720481873,2021-08-06 21:38:13.789134,2021-08-06 21:45:00.353552,0 days 00:06:46.564418,False,64,0.12807827064678776,0.6489078697746126,0.3075434366240066,3.1124014849388415e-06,0.08271909060792393,0.07222327948789499,4,36.65327658194054,432.5257189851209,34.94807877280931,278.3038587446989,,,,,65.12094932623326,COMPLETE
4,4,0.07611992955207825,2021-08-06 21:45:00.408603,2021-08-06 22:32:28.912471,0 days 00:47:28.503868,True,16,0.2550580228562652,1.6694105435904258,0.21894443794576246,2.6688231097666883e-07,0.20921336999619616,0.0004766901720282288,6,68.10021033252127,421.4881071237785,63.470084459049986,147.62026163101692,420.6158203381471,133.23924838345278,,,210.4000560270701,COMPLETE
5,5,0.07611992955207825,2021-08-06 22:32:28.959253,2021-08-06 22:45:21.534766,0 days 00:12:52.575513,False,32,0.15668253068711707,0.15835588782015866,0.4558976794989164,0.0008891512953760532,0.29874184731914016,0.0011518722748839472,8,23.976908832467178,11.740499137736238,4.853792314671065,35.53532685751197,37.99642656052923,30.673454068507734,6.989728957410407,24.899517254132675,59.28684328510266,COMPLETE
6,6,0.07611992955207825,2021-08-06 22:45:21.584081,2021-08-06 22:47:00.608285,0 days 00:01:39.024204,False,256,1.3013853394251,0.5827622857270965,0.1736379387508259,8.110254243902554e-06,0.21398762411255146,0.00045620207752217597,7,11.051340570521337,13.690040209523117,125.57881271497905,6.7436151448811605,47.1000124116525,476.91112219609784,114.38021529532952,,99.15549008778129,COMPLETE
7,7,0.07611992955207825,2021-08-06 22:47:00.653327,2021-08-06 22:48:34.810830,0 days 00:01:34.157503,False,256,0.1428710792700773,0.24244761501285372,0.029295845310248647,1.6369098184398026e-06,0.25356500923627073,0.05258536372168685,5,112.16091709701996,12.350573613467395,49.0170365145121,314.7847816442889,39.0506114008915,,,,117.18657271904667,COMPLETE
8,8,0.12664565443992615,2021-08-06 22:48:34.862417,2021-08-06 23:45:37.005590,0 days 00:57:02.143173,True,16,0.760136794077009,0.6659798395328503,0.27347681635807713,0.00027276382546192833,0.16159311968358414,0.04783964165361544,3,5.6784956556737205,9.077888613813272,15.69760951643295,,,,,,157.0621392346006,COMPLETE
9,9,0.44082996249198914,2021-08-06 23:45:37.057638,2021-08-06 23:47:51.990000,0 days 00:02:14.932362,True,512,0.4732822158998207,0.3741172197383217,0.18444913269102237,2.4512910742496858e-05,0.1293188507068661,0.0016356773596181663,7,156.14955961009696,68.38214993440356,129.1738414998809,118.15054741525317,28.56163203380728,16.809167906803015,317.20520072238605,,80.10328885521128,COMPLETE
10,10,0.1467617005109787,2021-08-06 23:47:52.045275,2021-08-07 00:00:02.282765,0 days 00:12:10.237490,True,128,0.3427465103551077,0.1005538982005816,0.11660531967544235,0.506335225141905,0.00659262071223124,0.00010349847710627937,6,430.54124045816513,42.04470333395057,511.6829236991746,60.63702764567815,4.069792243081148,6.012421313692573,,,483.1581537887557,COMPLETE
11,11,0.11122728139162064,2021-08-07 00:00:02.331809,2021-08-07 00:12:42.916989,0 days 00:12:40.585180,True,128,0.4451395329290528,0.14746120433016566,0.12009570971663305,0.5968032849514686,0.029345775002323785,0.00010018770178181463,6,502.78252087570473,42.582191201870884,510.57028527253675,65.14754940668291,4.031589540807071,4.288216677269246,,,488.7374492834097,COMPLETE
12,12,0.3510293662548065,2021-08-07 00:12:42.961806,2021-08-07 00:22:44.730510,0 days 00:10:01.768704,True,128,0.3433434205691392,0.10044527155992906,0.10669954586812111,0.024492302564463726,0.008673004986641003,0.00010043366078941511,7,506.7072550047758,41.75689445100593,449.5807104943553,56.39043142380824,9.059975404355251,5.055586188474857,497.9664033395664,,481.5388829113633,COMPLETE
13,13,0.41950637102127075,2021-08-07 00:22:44.783520,2021-08-07 00:25:38.748447,0 days 00:02:53.964927,True,512,0.7476244474320373,0.3557367320676622,0.13521617432746713,0.014824642402192195,0.07335556545585177,0.007460076024268006,8,237.6225607647518,97.31348928043681,188.84571831377943,39.237795282368616,15.729595843672266,10.954356063098736,495.1738572926755,368.33801745209905,303.60533238062055,COMPLETE
14,14,0.07611992955207825,2021-08-07 00:25:38.794972,2021-08-07 00:27:59.992861,0 days 00:02:21.197889,True,512,1.0897432898122432,0.35490690905914596,0.35787373372596776,0.01189511382055912,0.09936287024989665,0.008134425716874102,8,222.99548348192883,104.4079774560265,157.72158167236975,23.25115346873848,17.09861330287219,13.823851659451746,466.2494652570857,482.70299830215106,282.61460945809836,COMPLETE
15,15,0.07611992955207825,2021-08-07 00:28:00.034899,2021-08-07 00:29:56.793861,0 days 00:01:56.758962,True,512,1.8685149151506413,0.45144108101947233,0.16293415176385115,0.009141486645967728,0.3478355681106263,0.005607371686599611,7,226.84820825014805,23.034766515866956,111.99146236254535,107.79689125858222,129.3085217770506,13.242653173629455,484.7688951925036,,305.4913540763909,COMPLETE
16,16,0.47196123003959656,2021-08-07 00:29:56.830680,2021-08-07 00:30:38.794775,0 days 00:00:41.964095,True,512,0.6676034499961337,0.21089128910085275,0.18926799150431492,0.0019433911506571843,0.06395791586805404,0.0026369492509209645,1,84.15944068871329,,,,,,,,89.0023494690855,COMPLETE
17,17,0.46878036856651306,2021-08-07 00:30:38.837291,2021-08-07 00:31:23.302658,0 days 00:00:44.465367,True,512,0.5114340836926707,0.18747988926722492,0.4016920185269407,0.001875218974832525,0.05384587412946071,0.0018819541559423954,1,74.21954172839494,,,,,,,,81.79135006663105,COMPLETE
18,18,0.07611992955207825,2021-08-07 00:31:23.352652,2021-08-07 00:39:43.262478,0 days 00:08:19.909826,True,32,1.0221251072231503,0.16450204619031844,0.48799601747831034,0.001583818727853628,0.41164345673038444,0.002717374685374794,1,63.41646390268534,,,,,,,,86.78399300442437,COMPLETE
19,19,0.31082671880722046,2021-08-07 00:39:43.325535,2021-08-07 00:41:55.551572,0 days 00:02:12.226037,True,512,0.6036030722651334,0.2212334402287643,0.4002575644082933,0.16216144017373352,0.0515073079310392,0.00034888245615724713,1,23.94702476030297,,,,,,,,43.77581999795494,COMPLETE
20,20,0.07611992955207825,2021-08-07 00:41:55.603621,2021-08-07 00:42:47.559642,0 days 00:00:51.956021,True,512,1.6322777578779604,0.12258227023067506,0.3835566076427858,0.0025290163224308136,0.27375985721617896,0.017148491895764027,2,80.42982942462814,5.62429466052055,,,,,,,119.7334364116202,COMPLETE
21,21,0.5011191964149475,2021-08-07 00:42:47.611172,2021-08-07 00:44:04.388307,0 days 00:01:16.777135,True,512,0.45095770040832905,0.2019373780271137,0.19867788290585803,5.0349176527789946e-05,0.12657998930423103,0.001944101321796079,2,124.67462138047821,173.53085109038062,,,,,,,80.07309367153016,COMPLETE
22,22,0.4486643373966217,2021-08-07 00:44:04.444564,2021-08-07 00:45:21.698697,0 days 00:01:17.254133,True,512,0.3822199314271701,0.19594004705611492,0.3102291886956784,0.00013255200954598661,0.11731063409706374,0.002724024033161631,2,45.28110220993225,300.8332607878844,,,,,,,71.31266337351919,COMPLETE
23,23,0.43156716227531433,2021-08-07 00:45:21.743192,2021-08-07 00:46:00.410606,0 days 00:00:38.667414,True,512,0.7403639258491446,0.26769037305944776,0.211799384609307,3.6835853443864925e-05,0.003088293952842186,0.0007919528781656212,1,108.36915773540184,,,,,,,,93.29535282388095,COMPLETE
24,24,0.4554236829280853,2021-08-07 00:46:00.461906,2021-08-07 00:47:29.811018,0 days 00:01:29.349112,True,512,0.2569339147634493,0.13362641491621333,0.06743204950873219,0.0006707428925378464,0.05663765581359786,0.0042125905418413856,3,41.48432818307205,195.45087991970857,14.141767037221321,,,,,,38.4706907747661,COMPLETE
25,25,0.3332253396511078,2021-08-07 00:47:29.870732,2021-08-07 00:48:11.937921,0 days 00:00:42.067189,True,512,0.536342784333419,0.18118221404839643,0.32904519527708687,0.06441798595921448,0.16824006975010947,0.001983571418233896,1,105.87000483104995,,,,,,,,52.18695887908866,COMPLETE
26,26,0.304553359746933,2021-08-07 00:48:11.982963,2021-08-07 00:49:32.650193,0 days 00:01:20.667230,True,512,0.9086853423533908,0.12240755274770508,0.22511367406536298,0.0032423706377141433,0.04933380321344618,0.013995322127405233,2,317.84504963948234,24.21466475119276,,,,,,,112.87503416215515,COMPLETE
27,27,0.276323139667511,2021-08-07 00:49:32.698275,2021-08-07 01:18:05.871414,0 days 00:28:33.173139,True,16,0.2779942249686848,0.29656261835536574,0.4110587018977574,8.766570851783808e-05,0.09852563839638455,0.00025957361430657564,3,22.587953339184576,508.66067941450325,20.51028222158702,,,,,,73.82132355514864,COMPLETE
28,28,0.48870497941970825,2021-08-07 01:18:05.919457,2021-08-07 01:24:29.027248,0 days 00:06:23.107791,True,64,0.4047622044408312,0.2175675804529883,0.2874159156292095,0.0004891507408858426,0.14281471693558098,0.000752642668841539,1,161.73741180793394,,,,,,,,189.5590041677911,COMPLETE
29,29,0.43735456466674805,2021-08-07 01:24:29.086272,2021-08-07 01:30:34.325842,0 days 00:06:05.239570,True,64,0.4060709151015332,0.21563636029795488,0.2971606567008756,2.948534335283582e-05,0.20086676412236076,0.0002131811644562366,2,176.60936030716778,163.09591743889186,,,,,,,195.2540484886244,COMPLETE
30,30,0.4408152401447296,2021-08-07 01:30:34.385751,2021-08-07 01:43:04.888067,0 days 00:12:30.502316,True,64,0.22492244713511791,0.49256295354879337,0.07353636285375212,0.0005898214348278872,0.15638006188510117,0.0007117175505795911,3,341.3812828655073,4.394747827845345,8.592993158385756,,,,,,187.92238029827521,COMPLETE
31,31,0.42803287506103516,2021-08-07 01:43:04.934518,2021-08-07 01:47:45.973650,0 days 00:04:41.039132,True,64,0.5331234675675682,0.193217282653428,0.43988177865654615,0.0062045020259564,0.14080850217633645,0.0013726085649293648,1,90.80540192645651,,,,,,,,103.04964819046783,COMPLETE
32,32,0.359688401222229,2021-08-07 01:47:46.010692,2021-08-07 01:52:02.705723,0 days 00:04:16.695031,True,64,0.6605480185201332,0.3118424175623864,0.2568835317949201,0.00037509221528154416,0.10577483623663572,0.0037720425760745346,1,54.351482486006375,,,,,,,,138.73048110211334,COMPLETE
33,33,0.308956503868103,2021-08-07 01:52:02.744080,2021-08-07 02:15:38.717521,0 days 00:23:35.973441,True,32,0.31613235661869216,0.2433712891771117,0.35599788353959894,9.792238574499332e-05,0.1860936386082932,0.002122716060100476,2,135.93891197500216,23.972048331407198,,,,,,,166.42436645657068,COMPLETE
34,34,0.44343650341033936,2021-08-07 02:15:38.764908,2021-08-07 02:16:20.638921,0 days 00:00:41.874013,True,512,0.48734307276777106,0.17517794683426205,0.19951238249314607,0.0016369024266714362,0.07946399682474632,0.0008961841161724955,1,72.92569102930617,,,,,,,,50.11479585069852,COMPLETE
35,35,0.44461461901664734,2021-08-07 02:16:20.678956,2021-08-07 02:22:15.541422,0 days 00:05:54.862466,True,64,0.18802773613200865,0.828871892872874,0.1535337374667689,1.114387931615017e-05,0.02893053164496178,0.0005729099902632977,2,33.126956393842654,267.317413710652,,,,,,,243.68151908398602,COMPLETE
36,36,0.07611992955207825,2021-08-07 02:22:15.591468,2021-08-07 02:22:54.816076,0 days 00:00:39.224608,False,512,0.4018439276986517,0.11497658084489726,0.4988667680340497,0.003744130205434972,0.14244951984365672,0.001358993876553711,4,126.83639002338819,114.31400904710087,31.096966356014356,5.3697754012724355,,,,,62.11537370845852,COMPLETE
37,37,0.3982122242450714,2021-08-07 02:22:54.853836,2021-08-07 02:24:07.159478,0 days 00:01:12.305642,True,256,0.6127443209052745,0.2689480565314716,0.24909244136214728,0.00016935191625995223,0.2316066060986039,0.004942136901416669,1,181.49604870906492,,,,,,,,82.46839722899418,COMPLETE
38,38,0.07611992955207825,2021-08-07 02:24:07.199018,2021-08-07 02:27:21.157096,0 days 00:03:13.958078,False,64,0.30110927354967176,0.1466599912901752,0.22963533591531662,3.6224800970423567e-07,0.0764761927000733,0.000934017966630399,2,53.65966824780268,59.08227842915095,,,,,,,67.56034089978112,COMPLETE
39,39,0.2523341178894043,2021-08-07 02:27:21.202137,2021-08-07 02:55:58.899559,0 days 00:28:37.697422,True,16,0.6886491277143686,0.2199090575190033,0.27217258676723105,0.0009381646618728648,0.12198128217338294,0.002094086879984845,3,31.06701294232134,71.047645570557,73.39056817039102,,,,,,133.22128799159603,COMPLETE
40,40,0.49322593212127686,2021-08-07 02:55:58.954610,2021-08-07 02:56:46.501773,0 days 00:00:47.547163,True,512,0.9604939831820771,0.32905894193593754,0.29192327705752585,0.040738208277263196,0.040010131103363905,0.008916500895009945,1,86.0023610041006,,,,,,,,104.02088236729074,COMPLETE
41,41,0.46587929129600525,2021-08-07 02:56:46.545071,2021-08-07 02:57:28.484565,0 days 00:00:41.939494,True,512,0.90062097741078,0.33671850409090004,0.2913291066606337,0.07244722525032832,0.02368544742218863,0.009070543129119922,1,89.3277256208568,,,,,,,,101.92716760902658,COMPLETE
42,42,0.445041686296463,2021-08-07 02:57:28.521599,2021-08-07 02:58:18.534001,0 days 00:00:50.012402,True,512,0.8615300843611552,0.40966252200201075,0.33081053965764273,0.04591688055369315,0.055972505298261574,0.024054061485537355,1,61.58591575216772,,,,,,,,125.4746136329614,COMPLETE
43,43,0.07611992955207825,2021-08-07 02:58:18.588050,2021-08-07 02:59:11.027655,0 days 00:00:52.439605,True,512,1.3434959638309465,0.24665002847315576,0.18045106149576218,0.2032051901411393,0.09488060203492432,0.003273069451257517,2,147.55735404246423,141.7079055258714,,,,,,,78.67967920398945,COMPLETE
44,44,0.3627220094203949,2021-08-07 02:59:11.072696,2021-08-07 03:00:35.663066,0 days 00:01:24.590370,True,256,0.10259319498069368,0.2924883559775025,0.19812811848581707,8.12189373985391e-06,0.07319412148725356,0.010758200029865871,1,96.43444701338147,,,,,,,,153.22325360291703,COMPLETE
45,45,0.07611992955207825,2021-08-07 03:00:35.708107,2021-08-07 03:01:08.350741,0 days 00:00:32.642634,False,512,0.5173152486568933,0.20160336894571743,0.28190838719743083,0.0003058669612043804,0.03653644644899531,0.0011736982659889088,1,122.70553303973956,,,,,,,,90.68813755071659,COMPLETE
46,46,0.07611992955207825,2021-08-07 03:01:08.398784,2021-08-07 03:04:14.334579,0 days 00:03:05.935795,True,128,1.1237991240980674,0.1578878391876669,0.32375449495603,0.005279403581195613,0.005749617712638849,0.0063137346640736135,2,77.66737098777118,237.1747519514372,,,,,,,109.00464346603908,COMPLETE
47,47,0.07611992955207825,2021-08-07 03:04:14.385832,2021-08-07 03:24:59.936561,0 days 00:20:45.550729,True,32,0.4415946131790939,1.942623670552854,0.23791008133614935,4.399202346846401e-05,0.14392887679631747,0.0017455642605046433,5,191.21141386360253,29.919814732068033,300.2491518362917,490.9519742172093,446.2123274188233,,,,56.28633513135622,COMPLETE
48,48,0.25881364941596985,2021-08-07 03:24:59.980525,2021-08-07 03:26:30.079504,0 days 00:01:30.098979,True,512,0.36033155335098305,0.2429796475283596,0.3636033660207538,0.028241582442026368,0.11964744630903408,0.02972213334516962,3,315.58206943733177,387.18138689250276,4.4864048619604935,,,,,,172.0326519868048,COMPLETE
49,49,0.43009454011917114,2021-08-07 03:26:30.124425,2021-08-07 03:27:36.580756,0 days 00:01:06.456331,True,512,0.8160752670570328,0.5158047733145371,0.1359026866701723,0.0013408817517718173,0.18567428339350514,0.002888010319914757,2,13.913023238500966,347.070866828672,,,,,,,243.12264900227825,COMPLETE
50,50,0.07611992955207825,2021-08-07 03:27:36.623613,2021-08-07 03:31:54.560772,0 days 00:04:17.937159,True,64,1.3445473881486723,0.14145418290940015,0.43605002378392277,4.235817421788146e-06,0.06477495659961512,0.0005142013826689754,1,256.037486184272,,,,,,,,97.28409839094735,COMPLETE
51,51,0.40033280849456787,2021-08-07 03:31:54.605569,2021-08-07 03:32:37.391412,0 days 00:00:42.785843,True,512,0.9727063688902188,0.36037938451892193,0.2967362300955722,0.20939514872967574,0.029155310581965223,0.009251751469683354,1,85.83700182216293,,,,,,,,103.28629530561943,COMPLETE
52,52,0.4013931155204773,2021-08-07 03:32:37.428609,2021-08-07 03:33:19.515174,0 days 00:00:42.086565,True,512,0.5790947405709184,0.3321406172301083,0.2617299534755555,0.08761336140704867,0.02053841383318872,0.004662375352415368,1,51.81236688836544,,,,,,,,78.55922088054203,COMPLETE
53,53,0.4679409861564636,2021-08-07 03:33:19.559216,2021-08-07 03:34:07.012123,0 days 00:00:47.452907,True,512,0.6809250879594958,0.39341135949614797,0.28897734281334225,0.017978050272712154,0.0019391821749239826,0.007515732855251759,1,68.63331380923674,,,,,,,,86.49341575483648,COMPLETE
54,54,0.4421406090259552,2021-08-07 03:34:07.048158,2021-08-07 03:36:17.247354,0 days 00:02:10.199196,True,512,0.6489928850796647,0.415523773863694,0.19269831623546793,0.021761685385999572,0.092381888288434,0.014166336314098521,2,66.07706271428236,511.47946845099517,,,,,,,65.80702442328277,COMPLETE
55,55,0.48249050974845886,2021-08-07 03:36:17.297692,2021-08-07 03:37:14.682788,0 days 00:00:57.385096,True,512,0.7794421640234448,0.21889955342239617,0.21692706196146896,0.009027879843483569,0.044057884180069624,0.006510397640962123,1,113.50864677970631,,,,,,,,88.52234556557377,COMPLETE
56,56,0.4505051076412201,2021-08-07 03:37:14.734834,2021-08-07 03:40:17.807030,0 days 00:03:03.072196,True,128,0.7932036143105553,0.174531150487575,0.21298501501928735,0.010874761676910984,0.04437188204349435,0.002363732807455238,2,152.17662063813526,226.07970903055008,,,,,,,73.28220234071286,COMPLETE
57,57,0.4946101903915405,2021-08-07 03:40:17.851977,2021-08-07 03:41:15.155999,0 days 00:00:57.304022,True,512,0.4491037090339661,0.2125274047517594,0.1545652108746182,0.0004787928231179379,0.10970275259593501,0.0035577780794499203,1,112.3062620115611,,,,,,,,123.28073418262554,COMPLETE
58,58,0.07611992955207825,2021-08-07 03:41:15.195034,2021-08-07 03:52:27.496358,0 days 00:11:12.301324,False,16,0.43207940742296175,0.21926508960990854,0.09604032559033295,0.00045482670780056715,0.49533250533330586,0.0036466011175065143,1,116.30391640586537,,,,,,,,127.46363417962709,COMPLETE
59,59,0.07611992955207825,2021-08-07 03:52:27.536860,2021-08-07 03:53:43.358799,0 days 00:01:15.821939,True,512,1.2070738436786366,0.26170246435805317,0.14460001459728444,8.072959155715292e-05,0.3198941066796312,0.006671265351925722,4,208.1449797134986,87.83653849778884,9.201241791738537,11.195903343791905,,,,,117.86293182564138,COMPLETE
60,60,0.3923659324645996,2021-08-07 03:53:43.396731,2021-08-07 03:55:20.097456,0 days 00:01:36.700725,True,256,0.34377312265968935,0.16366790288717786,0.1673219278415734,0.0001882332656094486,0.2153412680709194,0.005196688055003077,2,163.69333688784926,160.70450075396124,,,,,,,143.337121184459,COMPLETE
61,61,0.4937855303287506,2021-08-07 03:55:20.148503,2021-08-07 03:56:09.466274,0 days 00:00:49.317771,True,512,0.5552304096197016,0.1953708675386836,0.17644808751687235,0.0017758016746959784,0.11045986052834025,0.0014499918128847169,1,98.26634476358042,,,,,,,,91.99204909241443,COMPLETE
62,62,0.4739198386669159,2021-08-07 03:56:09.513317,2021-08-07 03:56:51.644049,0 days 00:00:42.130732,True,512,0.5745032943630216,0.2062104687456601,0.11822252959850671,0.007353838038394608,0.10931752385893834,0.0015381785336565984,1,106.64831051837716,,,,,,,,92.16008925020556,COMPLETE
63,63,0.5190262794494629,2021-08-07 03:56:51.695094,2021-08-07 03:57:52.232051,0 days 00:01:00.536957,True,512,0.5689802064076342,0.19134278918164968,0.10277147022137609,0.006336813327316474,0.16806022622721561,0.0013465565716402992,1,104.10700855371418,,,,,,,,111.5086961140791,COMPLETE
64,64,0.47618767619132996,2021-08-07 03:57:52.264765,2021-08-07 03:58:35.704200,0 days 00:00:43.439435,True,512,0.47102861557971787,0.18727166740475204,0.09382205244793784,0.0009789459129878897,0.16008538206859257,0.000656123247168572,1,129.38927236200794,,,,,,,,110.60673130459178,COMPLETE
65,65,0.47729215025901794,2021-08-07 03:58:35.754940,2021-08-07 03:59:18.355613,0 days 00:00:42.600673,True,512,0.7327950138459276,0.23000914041412054,0.04349213043510073,0.0037554206116307462,0.12964340484749548,0.001022292975771793,1,100.41083683795527,,,,,,,,121.01016394158385,COMPLETE
66,66,0.32525843381881714,2021-08-07 03:59:18.406659,2021-08-07 04:00:31.613117,0 days 00:01:13.206458,True,512,0.3874109849075293,0.1338736752794956,0.16070852118750828,0.03661152004185021,0.1642752964805129,0.00039218860657167496,2,153.5221602791945,17.908008236867882,,,,,,,147.3422545561699,COMPLETE
67,67,0.4966866075992584,2021-08-07 04:00:31.658052,2021-08-07 04:01:14.259728,0 days 00:00:42.601676,True,512,0.5691158794879304,0.3117205234865477,0.17498666806688484,5.769747352330911e-05,0.17437326314985985,0.00115302583928127,1,252.73679950220054,,,,,,,,95.65288012243401,COMPLETE
68,68,0.4035431444644928,2021-08-07 04:01:14.308773,2021-08-07 04:17:58.763631,0 days 00:16:44.454858,True,32,0.3108341506753491,0.31165026252107053,0.12881437487458733,2.2594139789517138e-05,0.18187925575602576,0.0012650682458395061,1,269.95647426271086,,,,,,,,220.39131318298016,COMPLETE
69,69,0.45328837633132935,2021-08-07 04:17:58.804973,2021-08-07 04:23:59.736632,0 days 00:06:00.931659,True,64,0.47884628269279617,0.27872047863340604,0.08075383336959939,1.552043731569055e-05,0.2612257342472235,0.0008701247880484883,2,393.7989181733662,50.760435484557796,,,,,,,132.15436486483213,COMPLETE
70,70,0.4476335048675537,2021-08-07 04:23:59.778670,2021-08-07 04:24:41.230301,0 days 00:00:41.451631,True,512,0.5615920399621146,0.16228374986199817,0.17407597684510243,0.00023170179859551002,0.20610472588068662,0.0007616247130642636,1,200.21793450019396,,,,,,,,410.5949322141506,COMPLETE
71,71,0.5018996596336365,2021-08-07 04:24:41.269445,2021-08-07 04:25:27.381939,0 days 00:00:46.112494,True,512,0.4387246821365797,0.2538891464691219,0.20829026533146053,5.205738651832468e-05,0.14688014274330913,0.0014741371945907616,1,135.74987556646076,,,,,,,,97.08675317582016,COMPLETE
72,72,0.48587754368782043,2021-08-07 04:25:27.419519,2021-08-07 04:26:10.055668,0 days 00:00:42.636149,True,512,0.4317150299983086,0.2532208413438149,0.15495133525910004,4.592137153785139e-05,0.14657367802627874,0.0016302698061044943,1,134.7394922370104,,,,,,,,106.89532542782938,COMPLETE
73,73,0.4844932556152344,2021-08-07 04:26:10.092704,2021-08-07 04:26:53.160802,0 days 00:00:43.068098,True,512,0.5043863137057295,0.28704275107700444,0.24575946967427373,9.532748648587344e-05,0.23420202275947347,0.0011004485065151462,1,171.13361222630155,,,,,,,,115.15596403863294,COMPLETE
74,74,0.3869614005088806,2021-08-07 04:26:53.197959,2021-08-07 04:27:45.544320,0 days 00:00:52.346361,True,512,0.36453668543045187,0.1960548683696953,0.20669052439970723,5.2340548333545335e-05,0.13507305524099025,0.0022783327724856107,2,290.1171639947156,7.9681388350527484,,,,,,,165.53590336335657,COMPLETE
75,75,0.4782346189022064,2021-08-07 04:27:45.582042,2021-08-07 04:28:28.382427,0 days 00:00:42.800385,True,512,0.4270997351712847,0.2342991689093787,0.1815672062348003,0.0005522236130476191,0.17372480150417463,0.0006350903055646187,1,229.07978359560633,,,,,,,,98.76370583078116,COMPLETE
76,76,0.48876386880874634,2021-08-07 04:28:28.424465,2021-08-07 04:29:14.616399,0 days 00:00:46.191934,True,512,0.46912611340228483,0.17751922809764148,0.0105334982971957,6.475706468531758e-05,0.19577402032115448,0.0014884381568253042,1,146.57856587042664,,,,,,,,70.87297166925872,COMPLETE
77,77,0.4928283095359802,2021-08-07 04:29:14.654433,2021-08-07 04:30:09.950632,0 days 00:00:55.296199,True,512,0.6007680421683427,0.17774480401838638,0.012096190363506598,6.453016856441643e-05,0.19515754167741114,0.0014465741902193042,2,97.80721933085114,122.05257024324808,,,,,,,73.19026819547476,COMPLETE
78,78,0.4443642795085907,2021-08-07 04:30:09.991794,2021-08-07 04:31:15.271055,0 days 00:01:05.279261,True,512,0.6125058094827274,0.3223410799348628,0.0012724464147867848,2.113944677555237e-05,0.155454748301843,0.0018205797039752478,3,93.61385965135008,132.68518070966047,27.682756834353672,,,,,,60.84382911137645,COMPLETE
79,79,0.44158101081848145,2021-08-07 04:31:15.324103,2021-08-07 04:32:40.179136,0 days 00:01:24.855033,True,512,0.5341281119011401,0.1132151219264576,0.22757711397361507,0.00011409908706881778,0.2246246731066237,0.002596775108551755,2,59.599450290761474,80.984372568245,,,,,,,81.90090756501257,COMPLETE
80,80,0.4376196563243866,2021-08-07 04:32:40.221429,2021-08-07 04:33:35.679776,0 days 00:00:55.458347,True,512,0.6435480645316829,0.1564180620437991,0.1432978350805732,5.952993123204921e-06,0.11351111328665102,0.0032813786159525135,2,46.200946766617804,32.10777951072626,,,,,,,96.01811790870009,COMPLETE
81,81,0.4067828953266144,2021-08-07 04:33:35.723814,2021-08-07 04:34:14.447970,0 days 00:00:38.724156,True,512,0.47773781978463137,0.26373495441627703,0.018518587535106337,6.338316123734674e-05,0.19739387529167657,0.0015185145748341572,1,77.64563332523026,,,,,,,,72.9165978270451,COMPLETE
82,82,0.47330132126808167,2021-08-07 04:34:14.493522,2021-08-07 04:34:57.638690,0 days 00:00:43.145168,True,512,0.5479782774760779,0.17672420635714994,0.054995182615645004,1.6550257292776833e-06,0.24737954825229574,0.001298084951005035,1,132.911492871952,,,,,,,,69.77582899406242,COMPLETE
83,83,0.39632728695869446,2021-08-07 04:34:57.678729,2021-08-07 04:35:36.484917,0 days 00:00:38.806188,True,512,0.463845276286284,0.18382568042154754,0.10462091327933942,0.00014442975350145417,0.19129444191417855,0.0009328076982607926,1,101.95495231438542,,,,,,,,77.89295621589308,COMPLETE
84,84,0.4894118309020996,2021-08-07 04:35:36.528334,2021-08-07 04:36:47.652902,0 days 00:01:11.124568,True,512,0.7209611075167188,0.20249443045447219,0.0061511033262024745,3.132048233786386e-05,0.17250876822893946,0.001930170940250223,3,144.93052888809183,196.52421001149332,72.71301922487135,,,,,,85.73313290907645,COMPLETE
85,85,0.5080405473709106,2021-08-07 04:36:47.698946,2021-08-07 04:38:17.886608,0 days 00:01:30.187662,True,512,0.710934305532356,0.19843766872042937,0.030720415092270942,1.5858557862270413e-05,0.17476605287389674,0.001916127510351919,3,81.26989378947225,194.68316757180602,82.4234430932367,,,,,,84.8435182362134,COMPLETE
86,86,0.07585486024618149,2021-08-07 04:38:17.939424,2021-08-07 04:38:49.047071,0 days 00:00:31.107647,False,512,0.620220940188887,0.1492350942435605,0.19093715116606594,1.135715368537074e-05,0.12657943629359145,0.00417217076267998,2,79.90804574088958,115.88558326863746,,,,,,,106.09999934578404,COMPLETE
87,87,0.3225488066673279,2021-08-07 04:38:49.100119,2021-08-07 04:45:37.964988,0 days 00:06:48.864869,True,128,0.881933614010479,0.22855416719080862,0.023340942474724933,1.5738328088210988e-05,0.14910446174875508,0.0029704501031795347,4,120.90477305857408,182.99439465945196,319.9294408067696,8.631139100882372,,,,,95.51336177516924,COMPLETE
88,88,0.07611992955207825,2021-08-07 04:45:38.006470,2021-08-07 05:15:56.343188,0 days 00:30:18.336718,True,16,1.007730534604165,0.3010176223036174,0.03968678003047287,0.00030732446624463805,0.21447353442256753,0.0011198048090843775,3,83.1762226714261,319.0979330170301,212.18177014803405,,,,,,84.4312043568748,COMPLETE
89,89,0.4714016318321228,2021-08-07 05:15:56.385227,2021-08-07 05:16:52.164866,0 days 00:00:55.779639,True,512,0.5123828862788034,0.19487205126174884,0.20295970869617067,0.0021008228972003717,0.09132063829558712,0.0023196813218582042,2,97.81440799760162,59.9682255830712,,,,,,,76.5241655276066,COMPLETE
90,90,0.4774688482284546,2021-08-07 05:16:52.202664,2021-08-07 05:18:58.450106,0 days 00:02:06.247442,True,512,0.580571365820423,0.2527594560528182,0.12594646102630389,3.236996349927997e-05,0.17747798382692537,0.0017003231637077202,5,58.48258751343324,247.93907366819425,92.4767479922594,19.43058295760702,139.2895966547973,,,,91.76548957368693,COMPLETE
91,91,0.4717108905315399,2021-08-07 05:18:58.488793,2021-08-07 05:20:13.663840,0 days 00:01:15.175047,True,512,0.7427797650461533,0.20586532185670342,0.059760606363234596,3.044568986822197e-06,0.16133890011221833,0.0019157864929741988,3,110.15964433626563,189.5291164574873,48.96648577194994,,,,,,63.783200233147554,COMPLETE
92,92,0.4078579246997833,2021-08-07 05:20:13.713384,2021-08-07 05:21:40.875363,0 days 00:01:27.161979,True,512,0.7117007532314059,0.20455910809211864,0.17090476702694224,3.108591526203162e-05,0.16858356416500292,0.002080058407966659,4,71.96753268474808,415.89993705923644,72.72964978012287,499.361838853771,,,,,85.38546776033432,COMPLETE
93,93,0.4045739769935608,2021-08-07 05:21:40.923208,2021-08-07 05:22:45.462596,0 days 00:01:04.539388,True,512,0.9414366568847718,0.16964111652895814,0.0039550731232346256,1.6469506381178415e-05,0.13445881791275402,0.0011904376296487517,3,92.10369773509889,129.47909388701373,39.79521112407383,,,,,,104.34727473720052,COMPLETE
94,94,0.47475922107696533,2021-08-07 05:22:45.501632,2021-08-07 05:24:59.491270,0 days 00:02:13.989638,True,512,0.8379607668215295,0.2351463476251147,0.04170262914670789,1.0309561114116324e-05,0.10495713578997228,0.0025856555952843063,3,181.97880804498635,207.38178128457108,60.64527643797884,,,,,,113.34380792829177,COMPLETE
95,95,0.42682531476020813,2021-08-07 05:24:59.529925,2021-08-07 05:26:23.397061,0 days 00:01:23.867136,True,512,0.705869209867172,0.27451497765144006,0.08252163096776076,0.0008075987086112378,0.1519498328196931,0.0014565137832404454,4,143.5274905845305,94.96635515813732,24.612197990146537,4.407907638602651,,,,,124.0641700999109,COMPLETE
96,96,0.34291520714759827,2021-08-07 05:26:23.442271,2021-08-07 05:27:50.885720,0 days 00:01:27.443449,True,512,0.6168741569571393,0.3451532441316733,0.18212547155510841,0.3685902551088869,0.18178261165624945,0.003594548578819392,3,119.07445263508244,285.353025034801,93.1128006573419,,,,,,99.57333541052765,COMPLETE
97,97,0.5170382857322693,2021-08-07 05:27:50.940771,2021-08-07 05:29:00.405185,0 days 00:01:09.464414,True,512,0.6809927726085648,0.19171499847875406,0.2385604034576746,0.0001887754010702298,0.1239181751045144,0.000970017508732305,2,212.10376644187113,164.20805701208275,,,,,,,57.34017694594973,COMPLETE
98,98,0.3887138068675995,2021-08-07 05:29:00.455000,2021-08-07 05:41:43.169999,0 days 00:12:42.714999,True,32,0.6625940474694514,0.18542974511718943,0.24146385554677943,0.0001376805224307991,0.11683659398103365,0.0008266939666802909,2,218.6506430282417,160.2613699972543,,,,,,,56.791100263209366,COMPLETE
99,99,0.48857244849205017,2021-08-07 05:41:43.222522,2021-08-07 05:44:05.905875,0 days 00:02:22.683353,True,256,0.5507403145333111,0.14254098363738152,0.22477040246877622,0.00024287824804480282,0.08452651074123499,0.0013457450251358684,2,260.42218439453694,72.32551001517855,,,,,,,46.7517821758308,COMPLETE
100,100,0.5103525519371033,2021-08-07 05:44:05.955905,2021-08-07 05:45:06.775852,0 days 00:01:00.819947,True,512,0.4116429239980763,0.12968182411083956,0.15151362004477234,0.001251532010700692,0.13627840691016072,0.0010713316403252904,2,163.11149910489635,117.1970253613773,,,,,,,76.49582319509264,COMPLETE
101,101,0.52911376953125,2021-08-07 05:45:06.821340,2021-08-07 05:46:20.401269,0 days 00:01:13.579929,True,512,0.40529250039510817,0.12668142468275817,0.1497809476559416,0.0029244398467726234,0.12837055311509138,0.0010401423682527536,2,194.94467654173388,140.8550565101689,,,,,,,80.4493034046519,COMPLETE
102,102,0.5228845477104187,2021-08-07 05:46:20.449200,2021-08-07 05:47:22.205264,0 days 00:01:01.756064,True,512,0.40177172132993205,0.12446260992380662,0.15268229962358243,0.0029160633201289103,0.12630280334616584,0.0010086066380119868,2,382.7060386799408,145.60921181474197,,,,,,,53.833991575685424,COMPLETE
103,103,0.5456955432891846,2021-08-07 05:47:22.251509,2021-08-07 05:48:52.023005,0 days 00:01:29.771496,True,512,0.33114003187886976,0.11131122429606782,0.14748946233829283,0.001324600987028939,0.10279585477410674,0.0009870181762559904,2,470.78847565881387,102.3455547390522,,,,,,,53.85113150570123,COMPLETE
104,104,0.4542308449745178,2021-08-07 05:48:52.072050,2021-08-07 05:49:48.804553,0 days 00:00:56.732503,True,512,0.3681224305149234,0.11006895413229216,0.15451474819000022,0.004720915696577034,0.13471904339439544,0.0005225195436525606,2,482.0999687026329,108.6217864687363,,,,,,,53.018787595735986,COMPLETE
105,105,0.5148293375968933,2021-08-07 05:49:48.850597,2021-08-07 05:50:50.023380,0 days 00:01:01.172783,True,512,0.40143641411124065,0.1011610547860889,0.1423574996398712,0.002697015895556796,0.09774650740912595,0.0009832198960385374,2,375.0657377666034,152.57219648622132,,,,,,,39.047482406615416,COMPLETE
106,106,0.5016935467720032,2021-08-07 05:50:50.068423,2021-08-07 05:51:48.317302,0 days 00:00:58.248879,True,512,0.2786314335290126,0.1018915527707482,0.1383471212404802,0.0028672292203056403,0.06829446584435073,0.0010036684608455565,2,397.85631697845463,143.75215773172556,,,,,,,37.44057617913718,COMPLETE
107,107,0.5151238441467285,2021-08-07 05:51:48.369753,2021-08-07 05:52:51.107097,0 days 00:01:02.737344,True,512,0.254668553683161,0.10152854199286519,0.14452023831651706,0.002900529167439635,0.08132677347292439,0.0010024123815403547,2,407.4229219914316,154.23854831615068,,,,,,,36.49616177112581,COMPLETE
108,108,0.53867107629776,2021-08-07 05:52:51.160271,2021-08-07 05:54:30.874790,0 days 00:01:39.714519,True,512,0.21813346487282217,0.10431704684126986,0.10680421506478169,0.0027021028777838795,0.08173313392887738,0.0009791448840388173,2,405.0368532133465,145.1279539107274,,,,,,,37.38091484369901,COMPLETE
109,109,0.2785026431083679,2021-08-07 05:54:30.927839,2021-08-07 05:55:35.415382,0 days 00:01:04.487543,False,512,0.21546255285332305,0.124375683469094,0.1088394343525401,0.013562255932195746,0.08180272388283777,0.0005774266312998246,2,458.28201397408117,144.56177247280442,,,,,,,40.69460734189503,COMPLETE
110,110,0.4799134135246277,2021-08-07 05:55:35.467431,2021-08-07 05:56:31.352164,0 days 00:00:55.884733,True,512,0.24280120766435848,0.10461523919191121,0.11323230436800004,0.001238308413690163,0.10029185223971698,0.00044387497778557535,2,386.18273520557267,101.87773954636148,,,,,,,41.227162245941706,COMPLETE
111,111,0.5062586665153503,2021-08-07 05:56:31.405213,2021-08-07 05:57:27.841447,0 days 00:00:56.436234,True,512,0.28298986121295094,0.10106477234535309,0.13704824081504585,0.002575249617786102,0.06940655835062694,0.0009392624743461652,2,359.01185978190045,143.14948656028227,,,,,,,36.14402784671053,COMPLETE
112,112,0.506391167640686,2021-08-07 05:57:27.895684,2021-08-07 05:58:25.546836,0 days 00:00:57.651152,True,512,0.2928506700504231,0.12111512689741499,0.12753003714456046,0.002347669975233286,0.09124196915930749,0.0007122549194532115,2,357.882462391887,169.28025380992938,,,,,,,46.82110257608459,COMPLETE
113,113,0.3773009777069092,2021-08-07 05:58:25.603757,2021-08-07 05:59:18.656620,0 days 00:00:53.052863,True,512,0.1753034344247699,0.13174230655021038,0.12452658632236112,0.003977510085507341,0.0834862415797043,0.000725337459172237,2,342.20512543547386,171.18967623387223,,,,,,,47.9270195150246,COMPLETE
114,114,0.5054928660392761,2021-08-07 05:59:18.707460,2021-08-07 06:00:17.008565,0 days 00:00:58.301105,True,512,0.26786258093855775,0.12343058094895396,0.09188797606265478,0.0023569196250605895,0.056297760714649425,0.0006592568236044751,2,509.05382002563437,217.93612749826823,,,,,,,36.194812274145356,COMPLETE
115,115,0.4733455181121826,2021-08-07 06:00:17.052166,2021-08-07 06:01:12.967786,0 days 00:00:55.915620,True,512,0.3235919915361919,0.10745019367458072,0.1462484967918422,0.006417100000887745,0.07022860821378192,0.0008333040656423717,2,340.47644313937246,142.75173154434808,,,,,,,43.45846761410204,COMPLETE
116,116,0.49938151240348816,2021-08-07 06:01:13.011740,2021-08-07 06:05:23.374166,0 days 00:04:10.362426,True,128,0.2321161079033055,0.11781640756832755,0.1339318338953212,0.0012033942991288126,0.09843631296395242,0.0010289407644231724,2,450.328330375055,122.2355492578675,,,,,,,52.50877662396782,COMPLETE
117,117,0.3858127295970917,2021-08-07 06:05:23.426397,2021-08-07 06:37:43.128547,0 days 00:32:19.702150,True,16,0.2944627505646084,0.10004218061999365,0.1030609609406117,0.002991720071467039,0.09054602794460019,0.00031363603410547675,3,305.4260344547604,162.18071406709385,350.76361188645365,,,,,,45.54733283276062,COMPLETE
118,118,0.4934026300907135,2021-08-07 06:37:43.171504,2021-08-07 06:38:39.444590,0 days 00:00:56.273086,True,512,0.34513474290007873,0.13053888892945095,0.11765106606612051,0.0054369038997832365,0.12285265080974764,0.000932641990371519,2,420.10014220865423,84.96091626381171,,,,,,,40.29611236744344,COMPLETE
119,119,0.5416015982627869,2021-08-07 06:38:39.483600,2021-08-07 06:39:45.363836,0 days 00:01:05.880236,True,512,0.2556600995186772,0.11181338435195619,0.14390141990286356,0.0015885690172467207,0.07475385406289187,0.0005868295457313143,2,345.9337622747832,179.9879316343002,,,,,,,49.27788300998875,COMPLETE
120,120,0.4208759069442749,2021-08-07 06:39:45.415884,2021-08-07 06:40:57.323162,0 days 00:01:11.907278,True,512,0.19600381496977162,0.11736448781741605,0.14692711203025222,0.0014767257518972564,0.059428249060558325,0.0005973108894618937,3,510.3721592689568,193.17059294250015,5.892858048679871,,,,,,50.02623250677142,COMPLETE
121,121,0.5028569102287292,2021-08-07 06:40:57.371228,2021-08-07 06:41:58.203452,0 days 00:01:00.832224,True,512,0.24550709669232804,0.10627966701483492,0.16417052665982124,0.002249787698414774,0.07387137853936532,0.0004383484335108768,2,354.89519497610655,144.46134641114227,,,,,,,42.4919659566775,COMPLETE
122,122,0.32291698455810547,2021-08-07 06:41:58.257387,2021-08-07 06:42:51.457166,0 days 00:00:53.199779,True,512,0.29630493642647576,0.11269650496385696,0.1283636403412772,0.008836203144935868,0.11880021724003852,0.0007508597272547519,2,287.6559840030166,173.3645732761728,,,,,,,37.47434880120279,COMPLETE
123,123,0.5018554925918579,2021-08-07 06:42:51.499886,2021-08-07 06:43:49.037114,0 days 00:00:57.537228,True,512,0.32554498863736836,0.1283636685661049,0.13616285765160854,0.0008474772490965628,0.10350069947996915,0.0008494529129318703,2,367.757117391713,252.80110025818234,,,,,,,49.84735318254187,COMPLETE
124,124,0.5501133799552917,2021-08-07 06:43:49.077150,2021-08-07 06:45:11.577419,0 days 00:01:22.500269,True,512,0.2674084832364374,0.10062663125750629,0.1649115215379742,0.0034032867344339223,0.09087414492956947,0.0006816252193613697,2,423.8499405804713,212.59575229334263,,,,,,,58.06449307511261,COMPLETE
125,125,0.34970399737358093,2021-08-07 06:45:11.621380,2021-08-07 06:46:05.086256,0 days 00:00:53.464876,True,512,0.2636154808492132,0.13915932760127156,0.15633923091166524,0.004451487016803477,0.1283242286930096,0.0004974140858095232,2,437.5908878690643,219.59611249266618,,,,,,,54.88630963214367,COMPLETE
126,126,0.5434865951538086,2021-08-07 06:46:05.139822,2021-08-07 06:47:11.604774,0 days 00:01:06.464952,True,512,0.40331504521408656,0.1511256181420641,0.16312882722493144,0.0006835911934481659,0.08633906179785594,0.0006845727257995728,2,321.05299732330417,125.793272663873,,,,,,,58.89840661858989,COMPLETE
127,127,0.5245044827461243,2021-08-07 06:47:11.642750,2021-08-07 06:49:05.338796,0 days 00:01:53.696046,True,256,0.4029028776090087,0.15224239404312004,0.16405574808317216,0.0006171495662012141,0.11152337707883934,0.00036280127605018325,2,303.74509304697347,113.73134347384396,,,,,,,58.4580770132069,COMPLETE
128,128,0.5032691955566406,2021-08-07 06:49:05.392852,2021-08-07 06:50:57.406936,0 days 00:01:52.014084,True,256,0.4048745000316079,0.1514933067080984,0.16363580604991249,0.0003927347497328381,0.11046723388170723,0.0002007117384331798,2,315.42363814314933,96.32596200491875,,,,,,,58.65146894056865,COMPLETE
129,129,0.4358377754688263,2021-08-07 06:50:57.452323,2021-08-07 07:02:33.390105,0 days 00:11:35.937782,True,32,0.39974435726620006,0.13851651900092785,0.1873150985123003,0.0006297263778663271,0.08353013870728948,0.00038015970515032103,2,238.8811110937015,111.67351868228477,,,,,,,61.39593570499278,COMPLETE
130,130,0.07611992955207825,2021-08-07 07:02:33.444771,2021-08-07 07:04:11.260571,0 days 00:01:37.815800,True,256,0.37883794877813576,1.103937013717577,0.14610695918093264,0.0010999236196055028,0.10239753542419969,0.000299369424717456,2,396.77526560534494,129.31365786081219,,,,,,,54.787867957813035,COMPLETE
131,131,0.33727505803108215,2021-08-07 07:04:11.305915,2021-08-07 07:05:49.774904,0 days 00:01:38.468989,True,256,0.20791692589756117,0.11118885643673772,0.15366043275544697,0.001842705198778916,0.12080535832979583,0.0002123765177451204,2,283.7448618947431,126.51849373327711,,,,,,,63.8072587221462,COMPLETE
132,132,0.47431743144989014,2021-08-07 07:05:49.825950,2021-08-07 07:07:26.948119,0 days 00:01:37.122169,True,256,0.2245834574867022,0.1539028574491055,0.16830663519119182,0.0007431472329078835,0.1374190675984391,0.0011806691969217895,2,429.2247595357047,151.76592531857958,,,,,,,67.99640014735614,COMPLETE
133,133,0.48031100630760193,2021-08-07 07:07:26.995056,2021-08-07 07:08:23.846666,0 days 00:00:56.851610,True,512,0.33670464645584514,0.1257552594253224,0.12051039854003423,0.003311304547616796,0.095478461669881,0.0005874363956951233,2,242.16915504310634,187.00420828208215,,,,,,,57.545857926282125,COMPLETE
134,134,0.5022972822189331,2021-08-07 07:08:23.905722,2021-08-07 07:09:20.618662,0 days 00:00:56.712940,True,512,0.41749207466271565,0.10060832891400368,0.16133506705511833,0.0015974345718732786,0.07793832777397117,0.0010455870322678667,2,202.05535540913573,107.01415356470402,,,,,,,59.54350732434684,COMPLETE
135,135,0.5478602647781372,2021-08-07 07:09:20.671710,2021-08-07 07:11:03.852669,0 days 00:01:43.180959,True,512,0.3525945443728009,0.116002616803514,0.1752388179424132,0.006995758593962256,0.11185722503461003,0.0007055134162274343,3,319.72752472705014,209.69629846710833,14.548052516996943,,,,,,67.29884747653077,COMPLETE
136,136,0.3445645570755005,2021-08-07 07:11:03.902714,2021-08-07 07:12:42.137893,0 days 00:01:38.235179,True,256,0.35226901934043786,0.11629223401672666,0.17914996180270984,0.007716544063367772,0.41382743555720564,0.0006800873028147495,2,329.5136028705239,121.47780489972209,,,,,,,64.66840298833618,COMPLETE
137,137,0.31275588274002075,2021-08-07 07:12:42.177282,2021-08-07 07:13:54.798113,0 days 00:01:12.620831,True,512,0.36995791269786227,0.13686399951908532,0.1927644469328686,0.012438112724248458,0.049044703526425176,0.0005201586956956614,3,309.639280291875,238.26070394354477,11.98442275043514,,,,,,50.46964532887828,COMPLETE
138,138,0.30698317289352417,2021-08-07 07:13:54.845156,2021-08-07 07:14:47.246687,0 days 00:00:52.401531,True,512,0.17531044590220152,0.10780579899361296,0.14592698925393052,0.01791945484011583,0.11079110779380774,0.0008261432879049514,2,274.95993952702554,89.5794466686064,,,,,,,54.61417211207153,COMPLETE
139,139,0.3109592795372009,2021-08-07 07:14:47.287723,2021-08-07 07:15:41.780006,0 days 00:00:54.492283,True,512,0.39180407077267165,0.1192031453306597,0.09975723907013201,0.00455067757585907,0.09041280308619266,0.0002577372788912648,2,509.67959999119796,132.88062546456575,,,,,,,67.60176721751714,COMPLETE
140,140,0.33615586161613464,2021-08-07 07:15:41.833953,2021-08-07 07:16:54.287830,0 days 00:01:12.453877,True,512,0.2566611871232558,0.14809528897904567,0.08181496092538207,0.005968811804270842,0.06108308153769634,0.0004225821116754008,3,469.6090762820105,268.12332291609823,7.08425328656312,,,,,,39.167463093257176,COMPLETE
141,141,0.44268548488616943,2021-08-07 07:16:54.337744,2021-08-07 07:17:47.354874,0 days 00:00:53.017130,True,512,0.3222646651589601,0.13057816935144828,0.16895069933915008,0.001101290175380102,0.12555851315815297,0.0012696999567631036,2,408.27138867395354,202.7149293213673,,,,,,,60.0580213937581,COMPLETE
142,142,0.5048301815986633,2021-08-07 07:17:47.404919,2021-08-07 07:18:57.476997,0 days 00:01:10.072078,True,512,0.24410392466118697,0.10503319628859542,0.15082995209664823,1.630035282204411e-07,0.13967205923021775,0.000993969712646194,3,219.30004537880765,155.46799782856883,23.85479390530944,,,,,,75.03113671275608,COMPLETE
143,143,0.5418372750282288,2021-08-07 07:18:57.524764,2021-08-07 07:20:03.204970,0 days 00:01:05.680206,True,512,0.41371343668812294,0.11403907556944533,0.15833442669608677,0.003362618386413852,0.11212386769880513,0.0008137196587929605,2,379.22110046211935,178.5946818630412,,,,,,,62.72069445421635,COMPLETE
144,144,0.5298058986663818,2021-08-07 07:20:03.259005,2021-08-07 07:21:03.678855,0 days 00:01:00.419850,True,512,0.4411060721638321,0.1130130639680743,0.11290771952530565,0.0018375937064135255,0.1152814335327994,0.0007815158740261737,2,372.7618081473644,180.6846164811711,,,,,,,61.8033715344037,COMPLETE
145,145,0.5045503973960876,2021-08-07 07:21:03.740569,2021-08-07 07:22:01.230718,0 days 00:00:57.490149,True,512,0.4376693066080965,0.1005232805131566,0.11089556758106209,0.003505367954035362,0.10396574549700699,0.0007729287527352201,2,379.5841264778045,177.26088874375898,,,,,,,57.41538537047459,COMPLETE
146,146,0.5422053933143616,2021-08-07 07:22:01.284431,2021-08-07 07:23:07.249126,0 days 00:01:05.964695,True,512,0.3604365667432375,0.11310225235105117,0.13544219114934228,0.001778765006153825,0.11669017627688322,0.0006384990004323129,2,330.4043621191091,224.63553138608748,,,,,,,63.1220694489732,COMPLETE
147,147,0.2503166198730469,2021-08-07 07:23:07.302175,2021-08-07 07:24:08.792998,0 days 00:01:01.490823,False,512,0.35820032114145633,0.11323557308843954,0.0905232711942113,0.0015991768150615268,0.11667938337014405,0.0005581456193296925,2,315.8788120431735,299.29745418957714,,,,,,,62.53054552000445,COMPLETE
148,148,0.5317056179046631,2021-08-07 07:24:08.846668,2021-08-07 07:25:07.266702,0 days 00:00:58.420034,True,512,0.38230442995969804,0.12225804988555355,0.12182635184071182,0.0006329301502000174,0.07465699968350498,0.0006385109181533307,2,289.272431453285,226.72119391915524,,,,,,,65.60891172701918,COMPLETE
149,149,0.5045209527015686,2021-08-07 07:25:07.320644,2021-08-07 07:26:04.961193,0 days 00:00:57.640549,True,512,0.38010493758067765,0.12341781380054852,0.11335704854572354,0.0005602834279246807,0.11275685434292226,0.0006085205036392045,2,253.35434985470306,226.72684523660033,,,,,,,67.63488742131241,COMPLETE
150,150,0.5357553362846375,2021-08-07 07:26:05.011241,2021-08-07 07:30:44.803470,0 days 00:04:39.792229,True,128,0.4438317782397271,0.1165507976307913,0.12163438825153244,0.0008135966480243213,0.0877637706345734,0.0004618263178343776,2,288.200487259952,342.04414139648645,,,,,,,52.14756440585975,COMPLETE
151,151,0.5061408281326294,2021-08-07 07:30:44.858523,2021-08-07 07:31:42.053339,0 days 00:00:57.194816,True,512,0.4573601281128901,0.11413533742337412,0.1281011311347696,0.0008819246996062952,0.08664945193428564,0.00046430989205287757,2,285.946701274233,320.3931286324681,,,,,,,52.338705146546516,COMPLETE
152,152,0.5148587822914124,2021-08-07 07:31:42.108047,2021-08-07 07:35:24.228098,0 days 00:03:42.120051,True,128,0.48550223758657285,0.14232360724430504,0.10508994727071047,0.0003836995852790229,0.06571299571590654,0.0006363811437264629,2,335.4480488063927,213.2086591947841,,,,,,,65.04681298983738,COMPLETE
153,153,0.5157570838928223,2021-08-07 07:35:24.282331,2021-08-07 07:38:50.922923,0 days 00:03:26.640592,True,128,0.426751771552853,0.12037059342878453,0.11960251779809203,0.0006632814310488489,0.09920562609181026,0.0003541638589197603,2,270.9537117838345,346.36806921385505,,,,,,,60.5998827834664,COMPLETE
154,154,0.4813860356807709,2021-08-07 07:38:50.973520,2021-08-07 07:41:53.097855,0 days 00:03:02.124335,True,128,0.3415332055694312,0.10970394958268334,0.13338313497509988,0.0019786969750645207,0.07575921464724646,0.0007185044115865024,2,318.1807208677709,264.10517376627354,,,,,,,55.587399214843835,COMPLETE
155,155,0.5112655758857727,2021-08-07 07:41:53.146902,2021-08-07 07:45:46.669808,0 days 00:03:53.522906,True,128,0.3847482142659584,0.13722370796781885,0.1618015546065259,0.0001967289698173221,0.1277980371498918,0.0005261268401878138,2,460.5344554602863,175.29195348575638,,,,,,,48.24424798017773,COMPLETE
156,156,0.32992666959762573,2021-08-07 07:45:46.716140,2021-08-07 08:09:08.879044,0 days 00:23:22.162904,True,16,0.4535037753088034,0.1260050201091106,0.13525316372381274,0.0014942740068787314,0.036747427103551084,0.0008266736268714179,2,294.8029471323738,464.10001546519106,,,,,,,57.66422060709792,COMPLETE
157,157,0.4633905589580536,2021-08-07 08:09:08.926091,2021-08-07 08:12:16.679534,0 days 00:03:07.753443,True,128,0.41727236423740777,0.11694972594078663,0.1749921544457455,0.00048502491699966573,0.10912957522190776,0.0004799046206051587,2,345.15683672194456,239.52380490416732,,,,,,,52.51639125345292,COMPLETE
158,158,0.41474980115890503,2021-08-07 08:12:16.730581,2021-08-07 08:14:08.108212,0 days 00:01:51.377631,True,512,0.30513570600841466,0.16033583796930528,0.12078200385918081,0.00030668229996278835,0.11996203681955575,0.0006629067215054934,6,243.96176876067526,211.55481575751156,4.02059568148624,24.847711198289428,161.82960644321966,100.93439171661966,,,70.09063778254212,COMPLETE
159,159,0.493387907743454,2021-08-07 08:14:08.161263,2021-08-07 08:22:50.056046,0 days 00:08:41.894783,True,64,0.5010283392378883,0.10777979526987735,0.08966960255281174,0.0009203988893257668,0.09299181097279802,0.0007304266433998311,2,427.37100468909284,200.18501205839004,,,,,,,64.21008529198521,COMPLETE
160,160,0.34415221214294434,2021-08-07 08:22:50.109667,2021-08-07 08:23:43.130801,0 days 00:00:53.021134,True,512,0.36163279620250394,0.13517466932883326,0.0991774120343074,0.004202311386472092,0.14680762746808745,0.0004050081952731836,2,374.4068280733961,184.09680387613093,,,,,,,60.68991728948398,COMPLETE
161,161,0.5317350625991821,2021-08-07 08:23:43.179521,2021-08-07 08:24:45.600297,0 days 00:01:02.420776,True,512,0.4130458456583235,0.12499972079001226,0.0753035348651434,0.0006507557835308998,0.0994297218266316,0.00035442590641810394,2,265.20074022326855,317.01824720461696,,,,,,,61.339263900261756,COMPLETE
162,162,0.4119076430797577,2021-08-07 08:24:45.653503,2021-08-07 08:25:47.445115,0 days 00:01:01.791612,True,512,0.40592975543371884,0.12195240187959602,0.11187642058045212,0.009604202264861911,0.10305005680633099,0.0002936872809134674,2,269.6231977317286,287.8328153925248,,,,,,,55.70128512867331,COMPLETE
163,163,0.5167878866195679,2021-08-07 08:25:47.483149,2021-08-07 08:26:50.873764,0 days 00:01:03.390615,True,512,0.3826827529839937,0.11213001381840097,0.06699053281630785,0.0018634946666647543,0.07707718618265141,0.0003520912956678658,2,294.96980595657675,391.1640497818954,,,,,,,49.76678109696894,COMPLETE
164,164,0.5479044318199158,2021-08-07 08:26:50.926812,2021-08-07 08:28:11.407875,0 days 00:01:20.481063,True,512,0.45109171312202867,0.12894951315571193,0.07471080543053599,0.0007072537071400397,0.08870593731407342,0.0008555877485190018,2,232.68225106986512,363.9878479704534,,,,,,,62.62100191379981,COMPLETE
165,165,0.5571967363357544,2021-08-07 08:28:11.459921,2021-08-07 08:29:45.315125,0 days 00:01:33.855204,True,512,0.4368507270988971,0.1298287088209427,0.07083552787385995,0.0008034285009675424,0.08881798432635729,0.0005626111864649546,2,337.2753883311577,355.6893059210205,,,,,,,65.87144119952434,COMPLETE
166,166,0.5434129238128662,2021-08-07 08:29:45.369176,2021-08-07 08:30:49.100122,0 days 00:01:03.730946,True,512,0.4441207096053,0.12484715624357595,0.06727645215743377,0.0008841567172300854,0.08916183923372796,0.0005595823795985334,2,322.5949957480695,363.40554043802564,,,,,,,70.91189770071284,COMPLETE
167,167,0.3398079574108124,2021-08-07 08:30:49.153701,2021-08-07 08:31:42.483115,0 days 00:00:53.329414,True,512,0.44131464915478597,0.14488491963728556,0.07232238717198507,0.0005662181916484944,0.06643235020043407,0.0001638833642851015,2,331.24061081382297,347.6866263314175,,,,,,,69.07283654556429,COMPLETE
168,168,0.530100405216217,2021-08-07 08:31:42.541167,2021-08-07 08:32:40.396298,0 days 00:00:57.855131,True,512,0.4888007972812907,0.13151732625088836,0.06521380784259759,0.0007693303211061088,0.08936834757176396,0.0005699148469131754,2,230.38733497958665,474.99658429055887,,,,,,,72.18824882485664,COMPLETE
169,169,0.5640296936035156,2021-08-07 08:32:40.448348,2021-08-07 08:33:49.127324,0 days 00:01:08.678976,True,512,0.49574235173751796,0.13282868355178262,0.060795938112279534,0.0008021384060091152,0.050446482631142014,0.0005533578213393231,2,263.901027264913,477.58342360364986,,,,,,,71.0055374975115,COMPLETE
170,170,0.549597978591919,2021-08-07 08:33:49.179370,2021-08-07 08:34:52.880199,0 days 00:01:03.700829,True,512,0.5109927783296493,0.13297316084522712,0.05784783739971143,0.000983237371558883,0.04981420225458451,0.0005697715285884839,2,236.5989598515482,488.0889918621883,,,,,,,66.15661606321352,COMPLETE
171,171,0.33985215425491333,2021-08-07 08:34:52.932750,2021-08-07 08:35:50.157131,0 days 00:00:57.224381,True,512,0.4731964918090239,0.1339693380603703,0.061110882504713804,0.00081204631630501,0.05343610496499157,0.0005406143623409211,2,4.246795042207643,447.6335323088323,,,,,,,67.02248221432392,COMPLETE
172,172,0.5526168346405029,2021-08-07 08:35:50.197090,2021-08-07 08:37:19.155495,0 days 00:01:28.958405,True,512,0.5048371298263972,0.1170494687018366,0.05786298870785578,0.0011228034090122556,0.020702079116633604,0.0004352422068214317,2,239.43949304725842,370.63908707959297,,,,,,,72.37165876205361,COMPLETE
173,173,0.5404676795005798,2021-08-07 08:37:19.207543,2021-08-07 08:38:26.466602,0 days 00:01:07.259059,True,512,0.4938227930401103,0.11933930069259836,0.04471485435350311,0.0012074713759380553,0.015881478936261482,0.000452624544189494,2,228.61428272056375,465.7863344118397,,,,,,,73.24879145928608,COMPLETE
174,174,0.5079963207244873,2021-08-07 08:38:26.508983,2021-08-07 08:39:24.422678,0 days 00:00:57.913695,True,512,0.5222980878915132,0.11886877022798022,0.05091071315401039,0.0011633128434626037,0.015874373489900583,0.00046127267000775244,2,255.50809392043791,377.52253700782586,,,,,,,73.65919721286697,COMPLETE
175,175,0.5552970170974731,2021-08-07 08:39:24.468707,2021-08-07 08:40:41.226389,0 days 00:01:16.757682,True,512,0.49025069289898304,0.10630567266097829,0.05418135650752681,0.0003344746310508796,0.03159123404315665,0.0003989134417207061,2,262.52472500582735,511.9224212969173,,,,,,,65.8537548906022,COMPLETE
176,176,0.5209996104240417,2021-08-07 08:40:41.278436,2021-08-07 08:41:39.412212,0 days 00:00:58.133776,True,512,0.5199392112011498,0.1047593641737235,0.04865988210663141,0.000387551982627871,0.015751310117444763,0.00043654580153131017,2,220.66412133552214,414.4795919513012,,,,,,,71.3260384203242,COMPLETE
177,177,0.564883828163147,2021-08-07 08:41:39.464770,2021-08-07 08:43:10.230167,0 days 00:01:30.765397,True,512,0.49411263842602576,0.10911396353384398,0.0327109780876354,0.0011518879393099348,0.0321295962810139,0.0003895056446376176,2,187.17467958822715,365.28523362755055,,,,,,,63.622389728015236,COMPLETE
178,178,0.5710099339485168,2021-08-07 08:43:10.284221,2021-08-07 08:44:25.691677,0 days 00:01:15.407456,True,512,0.5072491981382228,0.10776425238212603,0.03611914468334559,0.0011108907852524037,0.02887849694082691,0.00026305385906762234,2,193.85191821209773,495.56497811113445,,,,,,,65.73316461336474,COMPLETE
179,179,0.37454715371131897,2021-08-07 08:44:25.732714,2021-08-07 08:45:21.368219,0 days 00:00:55.635505,True,512,0.507150270832436,0.10762811416042675,0.025559654635093076,0.0011225387009351074,0.034412576530073145,0.0002652555357600994,2,246.06056767523324,505.5254206123414,,,,,,,69.87745508286116,COMPLETE
180,180,0.4899419844150543,2021-08-07 08:45:21.413768,2021-08-07 08:46:19.619729,0 days 00:00:58.205961,True,512,0.531605170804516,0.10054134437687198,0.035853752538992575,0.0012564040654234306,0.00047208658418751437,0.0003157205377510935,2,178.53652862655974,488.84696912412335,,,,,,,77.91875400418114,COMPLETE
181,181,0.528937041759491,2021-08-07 08:46:19.665774,2021-08-07 08:47:17.058877,0 days 00:00:57.393103,True,512,0.468211655057335,0.1151268712124845,0.05571150186625621,0.0004455396625332928,0.019997225240761415,0.0004854732217065395,2,207.9686179164282,360.7400364305426,,,,,,,65.11867616426093,COMPLETE
182,182,0.5456218719482422,2021-08-07 08:47:17.111925,2021-08-07 08:48:19.304385,0 days 00:01:02.192460,True,512,0.4946014187400305,0.10698162338712912,0.04674000798152368,0.001422109798170603,0.043817891277628175,0.0005412283843170294,2,190.55439769796612,418.3863917164571,,,,,,,66.66676647036476,COMPLETE
183,183,0.5474331974983215,2021-08-07 08:48:19.356853,2021-08-07 08:49:25.678159,0 days 00:01:06.321306,True,512,0.4955316281110379,0.10748300678154016,0.04382394081866302,0.0015754802405802781,0.026346691003673893,0.0005847887407635361,2,188.1527121724232,431.7694627179271,,,,,,,67.29521778475248,COMPLETE
184,184,0.5444290637969971,2021-08-07 08:49:25.717810,2021-08-07 08:50:28.474781,0 days 00:01:02.756971,True,512,0.5003305515191554,0.10934601937712095,0.04456188527911858,0.001445839987298018,0.03110656076089238,0.0003977452295475362,2,181.73769895538837,397.3480879147615,,,,,,,66.47392305247112,COMPLETE
185,185,0.5643683671951294,2021-08-07 08:50:28.515517,2021-08-07 08:51:39.551470,0 days 00:01:11.035953,True,512,0.5332866645974521,0.10012278680020874,0.033849194559436746,0.001768588328043825,0.04402745128926473,0.0003924231432871278,2,186.96172370984954,409.7453093118471,,,,,,,67.16763120307206,COMPLETE
186,186,0.4958324730396271,2021-08-07 08:51:39.613527,2021-08-07 08:52:41.064314,0 days 00:01:01.450787,True,512,0.5293088880858926,0.10032888976498815,0.02974563653506397,0.0009721196431729301,0.03220385609604674,0.00017988344791158625,2,183.62166451459137,416.5867437849826,,,,,,,66.26151926278982,COMPLETE
187,187,0.5494359731674194,2021-08-07 08:52:41.111356,2021-08-07 08:53:51.600347,0 days 00:01:10.488991,True,512,0.562136059454444,0.10707638952985528,0.015147226854981946,0.0015246531810877936,0.04184921750121265,0.0003910824132539746,2,191.6453574335204,406.3610977136289,,,,,,,69.93452991746453,COMPLETE
188,188,0.3991694450378418,2021-08-07 08:53:51.646362,2021-08-07 08:54:45.402786,0 days 00:00:53.756424,True,512,0.5779108831607455,0.10827942098998879,0.01422316362655927,0.001939563195264351,0.044657372650053546,0.0003946719326151714,2,167.48140280943213,407.38031983139814,,,,,,,69.36562722725238,COMPLETE
189,189,0.48268193006515503,2021-08-07 08:54:45.460839,2021-08-07 08:55:43.302208,0 days 00:00:57.841369,True,512,0.5570608191619268,0.10105281840984262,0.03798507492566609,0.001381248732673825,0.024990854012668037,0.0003240610857550688,2,184.72571659036234,384.7239373904256,,,,,,,66.92490617055405,COMPLETE
190,190,0.30356669425964355,2021-08-07 08:55:43.360057,2021-08-07 08:56:54.031213,0 days 00:01:10.671156,False,512,0.5045280498317832,0.10785678323363297,0.05142233426047449,0.0009630106460455117,0.04331690589332023,0.00013914516567173837,2,197.85382880969584,435.3832189784488,,,,,,,76.46737534945537,COMPLETE
191,191,0.36326685547828674,2021-08-07 08:56:54.071375,2021-08-07 08:57:47.544919,0 days 00:00:53.473544,True,512,0.47424100384517126,0.1050864593714099,0.032027398474770416,0.001518896240333516,0.0073689705856612095,0.00024010129587884695,2,204.7221384813084,506.14688643247933,,,,,,,62.75784138262979,COMPLETE
192,192,0.5591111183166504,2021-08-07 08:57:47.598964,2021-08-07 08:59:15.579231,0 days 00:01:27.980267,True,512,0.537175246637904,0.11194240792831228,0.06017498136968326,0.002095454596640627,0.028223244046959174,0.00040440825758032137,2,169.51445195215845,443.4308775583493,,,,,,,63.31715873947701,COMPLETE
193,193,0.5399670004844666,2021-08-07 08:59:15.627275,2021-08-07 09:00:18.714547,0 days 00:01:03.087272,True,512,0.5342208420189295,0.10082042941335176,0.057904149093978174,0.0022647149195918893,0.029904420341134212,0.00039667147407736967,2,159.39128328631898,511.98325003201404,,,,,,,71.0052869396203,COMPLETE
194,194,0.5531027913093567,2021-08-07 09:00:18.757536,2021-08-07 09:01:25.497684,0 days 00:01:06.740148,True,512,0.5774434864501219,0.10001237692680778,0.06864407467454564,0.0009378976333030896,0.040065297499714714,0.0005136106304899148,2,188.71971969486074,435.6901489354855,,,,,,,66.5788964384112,COMPLETE
195,195,0.5561069846153259,2021-08-07 09:01:25.545727,2021-08-07 09:02:35.596321,0 days 00:01:10.050594,True,512,0.5921229073499078,0.6709563900644818,0.06593186969646714,0.00048375004487573114,0.04881929631531293,0.0005133215048028495,2,172.25962619998802,438.5872561026932,,,,,,,67.14009244469463,COMPLETE
196,196,0.5069655179977417,2021-08-07 09:02:35.640360,2021-08-07 09:16:20.265967,0 days 00:13:44.625607,True,32,0.5995654256514725,0.6194341923326876,0.04452721267183492,0.00030440110603599264,0.04117543914849398,0.0002784112997830967,2,169.15413619622439,440.39763909490824,,,,,,,67.05492057935616,COMPLETE
197,197,0.07611992955207825,2021-08-07 09:16:20.318486,2021-08-07 09:17:13.939311,0 days 00:00:53.620825,True,512,0.6323135232828297,1.350298579486233,0.024572016533005708,0.0004154630936094291,0.05152714627496329,0.00038440483607885104,2,188.27113195052036,397.32688143835315,,,,,,,58.82924570564761,COMPLETE
198,198,0.5421023368835449,2021-08-07 09:17:13.984993,2021-08-07 09:18:17.455284,0 days 00:01:03.470291,True,512,0.549200600643554,0.7095575055351113,0.058565768039582175,0.0006575801748531878,0.032103614644337274,0.000520048324801033,2,154.68562232678727,446.99896776139036,,,,,,,64.39876120366807,COMPLETE
199,199,0.4689570963382721,2021-08-07 09:18:17.500326,2021-08-07 09:19:30.657295,0 days 00:01:13.156969,True,512,0.5824115928550301,0.9135626798963392,0.0782165217439076,0.000534225850873627,0.02307731666252301,0.00032946453775457987,3,208.1489937977168,494.5505119013501,17.47252121728824,,,,,,75.09627028975913,COMPLETE
