,number,value,datetime_start,datetime_complete,duration,params_batchsize,params_beta_1,params_beta_2,params_cnn_dropout_factor,params_cnn_kernel_size,params_dense_dropout_factor,params_epsilon,params_learning_rate,params_nb_cnn_input_kernel,params_nb_cnn_layers,params_nb_dense_layers,params_num_hidden0,params_num_hidden1,params_num_hidden2,params_num_hidden3,params_num_kernel0,params_num_kernel1,params_num_kernel2,params_num_kernel3,state
0,0,0.27482107281684875,2021-08-13 18:25:27.551947,2021-08-13 18:30:29.008506,0 days 00:05:01.456559,256,0.493464813125656,0.5017079653713026,0.05814175883664929,6,0.4112683307732768,1.319211309094355e-07,0.003876519368452004,19.820942078518232,4,1,73.09635362289322,,,,25.56397950487979,8.48382045276024,29.846303280196224,7.311635352702083,COMPLETE
1,1,0.07570759207010269,2021-08-13 18:30:29.087576,2021-08-13 18:33:52.176240,0 days 00:03:23.088664,512,0.10038420650254677,0.530708940281739,0.14648172284986632,2,0.3744011813055429,5.630734271159767e-07,0.026201666633388316,29.701165533109886,4,1,55.557849393321064,,,,12.180457271190956,82.58952304643988,11.988857967515209,44.774310174330196,COMPLETE
2,2,0.21177804470062256,2021-08-13 18:33:52.210270,2021-08-13 18:51:15.212371,0 days 00:17:23.002101,64,0.18405908084891637,0.6976135477747177,0.1260387291900219,4,0.313460173472852,0.0001476664043219752,0.0008258248121423224,12.975985195027896,3,2,43.83944185820021,45.97068522816509,,,5.359787871558194,4.721486404503248,4.037533211772525,,COMPLETE
3,3,0.07611992955207825,2021-08-13 18:51:15.254604,2021-08-13 19:03:46.708531,0 days 00:12:31.453927,64,1.4128906795220688,0.10504795452385392,0.017956602319889936,3,0.1772557802407334,1.696347515803445e-07,0.0655194069756642,4.070963214336599,4,2,11.786267215154446,6.626046414479476,,,11.00765507719253,10.779819815008967,25.5018131104961,19.97061005542435,COMPLETE
4,4,0.16893941164016724,2021-08-13 19:03:46.747569,2021-08-13 19:17:29.697289,0 days 00:13:42.949720,32,0.10691835705026001,0.2800987045953388,0.22530860145947285,3,0.14308865647587815,0.0014909798258723288,0.0047978233001933586,75.50843273305314,1,1,5.7358510216951775,,,,10.054437408340085,,,,COMPLETE
5,5,0.07611992955207825,2021-08-13 19:17:29.730319,2021-08-13 20:05:53.183403,0 days 00:48:23.453084,16,0.29588443563315486,1.0716260475884076,0.188435477201586,3,0.49351646797694737,3.1567832913330144e-06,0.00013667238901167932,5.153002770471569,4,3,29.26279674696873,27.48734192167059,28.279933561527148,,4.63105082986174,30.1466462898239,12.378128988635732,24.51180599593153,COMPLETE
6,6,0.07611992955207825,2021-08-13 20:05:53.223283,2021-08-13 20:10:51.089524,0 days 00:04:57.866241,512,1.706980708550148,0.19536947997601084,0.442734070222539,5,0.36104045785927025,2.5585871169035906e-07,0.009673637942398113,90.7472654156329,4,3,79.95982540045225,29.91240461879077,9.634772683953209,,6.490780135845311,55.37570923875099,7.450835827970226,23.395022623133467,COMPLETE
7,7,0.07611992955207825,2021-08-13 20:10:51.133108,2021-08-13 20:18:13.920254,0 days 00:07:22.787146,128,0.8424747933100826,1.1514453130147158,0.12894415947312016,6,0.05309297780106442,0.0003423587297440942,0.01833020735988681,4.519311388653613,4,4,21.129643833088558,27.72622840059396,49.16200533375468,4.393601867974301,16.713428837756354,9.057242245496985,24.22098013790613,54.868521917483186,COMPLETE
8,8,0.21650516986846924,2021-08-13 20:18:13.963422,2021-08-13 20:32:22.822961,0 days 00:14:08.859539,128,0.4087250909590366,0.17519273167183835,0.4889250587806844,2,3.605228368935842e-05,1.1663962489152289e-05,0.0002841368418829829,4.261743477348976,1,2,5.427800926641658,37.54885493162937,,,108.11899122975665,,,,COMPLETE
9,9,0.08184843510389328,2021-08-13 20:32:22.859994,2021-08-13 20:38:47.127692,0 days 00:06:24.267698,128,0.3635242757324286,0.1147378392628348,0.42179859409245557,4,0.2864688340898497,0.00782840195145962,0.046589466449113326,28.27896528034199,3,2,9.736740858485163,124.75072673296586,,,4.152369845752039,30.064866475845115,6.026735974797465,,COMPLETE
10,10,0.07611992955207825,2021-08-13 20:38:47.172732,2021-08-13 20:42:09.327892,0 days 00:03:22.155160,256,0.8559696660979901,1.8667506692495133,0.0001853711772814015,6,0.49373642298870124,0.5290233209799216,0.0015525902054822293,11.952119641201344,2,1,127.7672725331409,,,,50.459367741781854,4.327672400683489,,,COMPLETE
11,11,0.19369421899318695,2021-08-13 20:42:09.363924,2021-08-13 20:47:10.624268,0 days 00:05:01.260344,256,0.5770672467964356,0.3032375200322087,0.3338416258790687,2,0.4303396653813254,1.0231190909810786e-05,0.0002749766549065821,8.997388988323847,1,1,5.737089076289491,,,,120.44767272403305,,,,COMPLETE
12,12,0.39544370770454407,2021-08-13 20:47:10.656297,2021-08-13 21:02:04.875697,0 days 00:14:54.219400,256,0.22821446638522896,0.16702889945300367,0.3479858118116954,5,0.032954701948808944,1.642749243020508e-05,0.000604379177309375,50.82665395594584,2,2,103.83792311924383,7.295448218396946,,,34.23269994689384,11.761789211258641,,,COMPLETE
13,13,0.29289016127586365,2021-08-13 21:02:04.916042,2021-08-13 21:09:36.378354,0 days 00:07:31.462312,256,0.20176679162467537,0.40065191328654626,0.3350181247074779,5,0.1962350052019363,6.0129456987175335e-05,0.0014984555507574558,50.352026908700665,2,3,125.15843221066895,5.413334376636797,126.57972328410573,,34.64832315865823,10.854299308782227,,,COMPLETE
14,14,0.26480722427368164,2021-08-13 21:09:36.419795,2021-08-13 21:15:30.142194,0 days 00:05:53.722399,256,0.2038449267898265,0.3062660103631726,0.31260726015776374,5,0.1937650801986386,5.9958466914786075e-05,0.0009223003303986443,52.76430944363509,2,4,124.4381500648359,4.095179454035569,113.8450016741608,124.99715830097874,34.10421467488347,16.52602825830105,,,COMPLETE
15,15,0.40114274621009827,2021-08-13 21:15:30.182149,2021-08-13 21:29:36.436949,0 days 00:14:06.254800,256,0.16542308496278527,0.1627867314084242,0.35274931587262914,5,0.08725936143243193,0.014407915939599633,0.0004471479127517443,47.955165718268326,2,3,111.70935138190525,9.289508910187983,98.66074069441807,,55.83443930391349,16.36514386213928,,,COMPLETE
16,16,0.05192472040653229,2021-08-13 21:29:36.475049,2021-08-13 21:34:33.898677,0 days 00:04:57.423628,256,0.12772244664075819,0.16113925132808007,0.39386886501223783,5,0.06138208357980246,0.1923876858266661,0.00010403681949783544,47.597187809808894,2,3,83.43569311367236,12.690094024872138,5.032416721154938,,69.33869854342173,18.307949455815805,,,COMPLETE
17,17,0.2628486454486847,2021-08-13 21:34:33.940716,2021-08-13 22:30:57.933195,0 days 00:56:23.992479,16,0.14908954819233852,0.13875815852640971,0.26745187946857435,4,0.07949433673983872,0.026672950397823487,0.00041908879536033366,127.6908066839272,3,4,33.679848008082075,11.020604598948898,57.27662122753391,31.512250037436182,72.18207222319352,6.1435697641514055,119.15033195432208,,COMPLETE
18,18,0.3035961389541626,2021-08-13 22:30:57.973242,2021-08-13 23:11:42.021292,0 days 00:40:44.048050,32,0.2796500435082266,0.20951517311884643,0.37983042193951966,5,0.015265026017935415,0.029401867726470295,0.0005160572338996492,37.4926046099402,2,3,18.217169294953045,10.990630330618902,12.156784134250922,,48.25535300786993,22.789869354616208,,,COMPLETE
19,19,0.44595471024513245,2021-08-13 23:11:42.061329,2021-08-13 23:35:26.876449,0 days 00:23:44.815120,256,0.2637820462950528,0.10867610028871327,0.4868708418970191,6,0.11176019778732935,0.0011836514008202062,0.0001548226210475641,84.86773410096129,3,2,58.604691044031846,7.5329315962111645,,,22.652694120508045,49.83643217552532,118.87783145069325,,COMPLETE
20,20,0.3809383511543274,2021-08-13 23:35:26.910480,2021-08-14 00:22:33.644583,0 days 00:47:06.734103,256,0.139029828226975,0.10325109202597937,0.4976232677720183,6,0.12209537599548702,0.001960391984840386,0.00013523814279150882,123.37399829640245,3,3,52.0214762553259,4.220118208316293,74.46076662920606,,17.924123318574654,126.05789244229152,117.88679049326485,,COMPLETE
21,21,0.4238506257534027,2021-08-14 00:22:33.682028,2021-08-14 00:49:47.240272,0 days 00:27:13.558244,256,0.2613984353362572,0.13277365998241364,0.4601757754207477,5,0.10601150174051302,0.0010868464708752201,0.00019616543386050952,73.09692118499225,3,2,102.45622816080076,7.489558362374563,,,26.628868561820696,47.08003491781545,52.71502896763118,,COMPLETE
22,22,0.4229523241519928,2021-08-14 00:49:47.330178,2021-08-14 01:06:42.049083,0 days 00:16:54.718905,256,0.2810192728551611,0.12831486433391157,0.4564224941865432,6,0.10965592028590318,0.0014418953085066325,0.00019836731053436165,76.15159888437042,3,2,73.56509467863324,15.984457594345537,,,23.31875291600037,49.967777848496986,60.15660512259338,,COMPLETE
23,23,0.4205666780471802,2021-08-14 01:06:42.088795,2021-08-14 01:28:18.704129,0 days 00:21:36.615334,256,0.29614041615386033,0.12096652083654634,0.45974855327740816,6,0.23740273474911877,0.001076705016647743,0.00019946445094450897,81.60073330799226,3,2,65.66685812669643,16.122330581797975,,,24.086461961979484,50.820240761842484,58.97656516370318,,COMPLETE
24,24,0.4182251989841461,2021-08-14 01:28:18.754208,2021-08-14 01:57:44.177042,0 days 00:29:25.422834,256,0.24526658316140207,0.10045793218281324,0.4908117654719577,6,0.12530247689483087,0.005322954838454913,0.00011974151795140937,103.23140015025747,3,2,41.48536490744306,13.650655247604854,,,17.72548449576103,52.84046522058623,62.87042767630811,,COMPLETE
25,25,0.42564722895622253,2021-08-14 01:57:44.220390,2021-08-14 02:08:57.142365,0 days 00:11:12.921975,256,0.6444881118165048,0.24145595374093876,0.42056970512299474,6,0.1492217030487796,0.0004386423671393179,0.00021734196430229656,69.05689345320629,3,2,93.27455819849078,17.86199498788414,,,27.344358366434097,77.53218256596203,57.93847218486466,,COMPLETE
26,26,0.3036845028400421,2021-08-14 02:08:57.186404,2021-08-14 03:31:53.214576,0 days 01:22:56.028172,16,0.6383996542001974,0.22918317223898327,0.4107159637234204,6,0.1606511143981838,0.00027678331243029085,0.0002668359491761653,69.21395000539812,3,2,99.10220590534614,57.54709066183477,,,14.416187022867668,100.30008636678998,83.72861355463185,,COMPLETE
27,27,0.280844122171402,2021-08-14 03:31:53.258908,2021-08-14 03:48:14.966684,0 days 00:16:21.707776,512,0.7266040043600068,0.24101281849593403,0.4756282214752111,5,0.23233665626039413,0.1369789022215905,0.0015651400518048033,111.74499409174447,3,2,55.966217169187225,19.72986719639767,,,8.176022063537694,80.75328484057604,40.21382984296936,,COMPLETE
28,28,0.34098607301712036,2021-08-14 03:48:15.008349,2021-08-14 04:38:56.652391,0 days 00:50:41.644042,32,0.36931969891335575,0.3851314051797191,0.4289358690048506,6,0.20897239526417669,0.000525160328682068,0.0001076072767266127,62.74094868461475,3,1,30.382066096169268,,,,29.79034163855734,35.83506236058402,99.62110564106092,,COMPLETE
29,29,0.20266249775886536,2021-08-14 04:38:56.696345,2021-08-14 05:04:55.000710,0 days 00:25:58.304365,64,0.4664882828728423,0.1395575646697669,0.37572218487348163,6,0.09742185578719806,0.004035238260936717,0.005247209454568873,18.460099485396395,4,1,100.02664754835092,,,,41.70637069954052,70.15931984972694,41.62228163777059,5.308025059869275,COMPLETE
30,30,0.07611992955207825,2021-08-14 05:04:55.046737,2021-08-14 05:09:15.594347,0 days 00:04:20.547610,256,1.1007076072127229,0.2661655021169249,0.29014461561546656,5,0.27318647759315884,0.00015061836169406507,0.0024776377083194447,32.34226387605226,3,2,69.46561835008421,8.073452543259464,,,20.264612049895483,41.36996087479789,77.31669551812578,,COMPLETE
31,31,0.4311842918395996,2021-08-14 05:09:15.628378,2021-08-14 05:27:30.721088,0 days 00:18:15.092710,256,0.5292119832611751,0.14315422974387093,0.4518826624099429,6,0.1147654858630843,0.001343115457956538,0.000198075928471341,90.77557173715041,3,2,78.16264950471343,19.71001270612313,,,26.491744457462502,63.861342697226924,51.31021328750272,,COMPLETE
32,32,0.4182988107204437,2021-08-14 05:27:30.770017,2021-08-14 05:43:25.312228,0 days 00:15:54.542211,256,0.6183572594780881,0.13993576571664845,0.497609336749447,6,0.1555437112258322,0.0006141093386677287,0.0001913845958940382,97.09369052417856,3,2,88.80616302257775,19.594567112190756,,,25.679637576967014,110.56613234817603,42.76634497357082,,COMPLETE
33,33,0.38727062940597534,2021-08-14 05:43:25.361381,2021-08-14 05:53:14.383238,0 days 00:09:49.021857,256,0.49303330013767216,0.5324018955521603,0.45480248622772107,6,0.050719235075610734,6.741235950930595e-05,0.00032711776623731294,63.18909365702272,3,2,62.08980359754136,76.36042741904541,,,13.621673762224411,65.56216451334866,49.265762632315024,,COMPLETE
34,34,0.3301033675670624,2021-08-14 05:53:14.434285,2021-08-14 06:24:17.459699,0 days 00:31:03.025414,256,0.38235252071450504,0.10105981871724398,0.40613668771082584,6,0.13704107256867157,0.0025856106874772547,0.0007703753597027885,125.43337806890828,4,2,44.32034093390772,5.180380551370999,,,27.595473927056894,90.34753522352601,82.44967822958165,111.24156889685806,COMPLETE
35,35,0.07611992955207825,2021-08-14 06:24:17.508879,2021-08-14 06:30:20.722064,0 days 00:06:03.213185,256,1.0231268261832678,0.20169743507970303,0.4995382984154567,4,0.16615428652185665,0.00014084561547784218,0.0001774774052431975,40.636034095429395,3,1,49.56219384728462,,,,37.94944532325836,38.75035301598079,32.83086185763111,,COMPLETE
36,36,0.33452126383781433,2021-08-14 06:30:20.771072,2021-08-14 06:56:02.026732,0 days 00:25:41.255660,64,0.5384378129337581,0.12154565827651971,0.43632226320488043,5,0.10972551802923662,0.0115604350846421,0.00010027424293316958,93.0636990318149,3,2,37.63944692133789,9.538486779571715,,,20.37646219314558,66.89128641855302,15.818514718938186,,COMPLETE
37,37,0.3975348174571991,2021-08-14 06:56:02.069540,2021-08-14 07:03:26.488777,0 days 00:07:24.419237,512,0.3617061444517389,0.33519345625878677,0.4675211825391645,6,0.07204931300087951,0.0009394591984660202,0.0009916367953980002,61.41406582183852,4,1,82.75488772225786,,,,29.56594043361985,80.16202904017474,70.68679314512285,10.138226796461838,COMPLETE
38,38,0.4320825934410095,2021-08-14 07:03:26.530740,2021-08-14 07:50:28.796738,0 days 00:47:02.265998,256,0.3235616747231613,0.1814466910111614,0.22303390411444451,5,0.028887844543180607,0.061471341149413515,0.0001556442947756699,81.64796852671799,4,2,59.06685603936093,6.065561654849825,,,10.201366622667766,123.51315239589869,105.12551566693914,116.7585379388901,COMPLETE
39,39,0.31639325618743896,2021-08-14 07:50:28.839605,2021-08-14 09:10:34.853236,0 days 01:20:06.013631,32,0.43704375643053617,0.18810600535489724,0.21581842634423015,4,0.04337512820992653,0.0764218886563787,0.00034733014346855493,88.04979818433647,4,2,24.35684151651513,5.850528700983157,,,10.028876997283195,123.97413470021459,126.3697213762957,112.71709299232116,COMPLETE
40,40,0.38752099871635437,2021-08-14 09:10:34.887267,2021-08-14 10:01:12.394530,0 days 00:50:37.507263,128,0.3271120053116161,0.5895430410971322,0.16406754965140677,6,0.01241004686177595,0.030546303208194747,0.00014781854699583372,108.67444141400809,4,3,59.450383192251415,22.36112190329254,4.599651253023527,,6.448396556289487,98.60090690023341,98.89289878461317,76.27765577097789,COMPLETE
41,41,0.10016787797212601,2021-08-14 10:01:12.435566,2021-08-14 10:14:33.848716,0 days 00:13:21.413150,256,0.2480041203023695,0.1568088305698032,0.224861011336721,5,0.09454842434431938,0.6459533812225869,0.00021884478292172563,78.91735570766747,3,2,75.3166521526691,7.648358710561142,,,14.794596084500476,60.68801766614697,52.72021529591678,,COMPLETE
42,42,0.4045739769935608,2021-08-14 10:14:33.888752,2021-08-14 10:30:09.168364,0 days 00:15:35.279612,256,0.7124773227901631,0.23879395206047815,0.10264672868928959,5,0.1393863653634794,0.00019957870594280416,0.00015264298028547956,67.96397616871256,4,2,86.8016750691789,4.690677291199691,,,21.417983529801123,46.920153548446834,99.1979969630055,126.99975092970905,COMPLETE
43,43,0.4080493748188019,2021-08-14 10:30:09.210403,2021-08-14 10:47:47.581399,0 days 00:17:38.370996,256,0.5202167754406398,0.11087543317178643,0.18605097750018945,3,0.03264501435139863,0.002911335748465143,0.00010429926345627025,23.308126718022745,3,2,107.6979335270733,6.3946376005824686,,,11.718009351334274,30.99430837999793,48.28523594136467,,COMPLETE
44,44,0.41788649559020996,2021-08-14 10:47:47.622436,2021-08-14 10:57:55.494617,0 days 00:10:07.872181,256,0.3263120764181179,0.18301072605007154,0.2628043359647678,4,0.18167826682512325,0.0006311163651421071,0.0002690879949579044,56.124314525202,3,2,49.63286724407476,37.73900084402972,,,17.879186952579605,77.17594491874911,30.949700784847163,,COMPLETE
45,45,0.15244603157043457,2021-08-14 10:57:55.536658,2021-08-14 11:51:59.151235,0 days 00:54:03.614577,16,0.4253578039589002,0.14848794841860974,0.4324470728273255,6,0.07085357578828912,3.3198609716425107e-06,0.0006427898812716225,41.411244378722955,4,2,68.40299853969302,9.021628927323901,,,43.47525098640397,24.940864323021422,36.64827689634005,41.61126097243139,COMPLETE
46,46,0.45306748151779175,2021-08-14 11:51:59.192273,2021-08-14 12:02:29.114824,0 days 00:10:29.922551,256,0.18139256146716187,0.1274159743921097,0.24494507115549588,5,0.00605445141425727,2.811119944614726e-05,0.00033882410697712897,87.1854496727333,2,2,123.08851654136019,15.724402601243911,,,31.13528431562585,59.38137472163771,,,COMPLETE
47,47,0.3916737735271454,2021-08-14 12:02:29.155860,2021-08-14 12:28:50.208030,0 days 00:26:21.052170,64,0.10000794877862013,0.21167252430997593,0.20134669617171963,6,0.005169596400815782,2.0029480736591036e-05,0.0003636296470423556,87.96650467822586,2,2,122.29629720781149,30.031057222413974,,,29.360119674333188,113.4415133074277,,,COMPLETE
48,48,0.44795745611190796,2021-08-14 12:28:50.256076,2021-08-14 12:38:38.179500,0 days 00:09:47.923424,256,0.2096411036201431,0.8459994971014256,0.27988869047704157,5,0.02588120971139697,1.3966481693073137e-06,0.0005124593956147212,111.05599305275463,2,1,126.40813813498437,,,,58.215259962268505,59.87778152464995,,,COMPLETE
49,49,0.07611992955207825,2021-08-14 12:38:38.228545,2021-08-14 12:46:10.399870,0 days 00:07:32.171325,128,0.17766278851577766,1.0722756985746476,0.0588501413218914,5,0.02326694798527823,9.54340437401502e-07,0.00049891648299987,127.89349335297939,1,1,13.854613302115654,,,,69.69128276980793,,,,COMPLETE
50,50,0.4893971085548401,2021-08-14 12:46:10.440908,2021-08-14 12:58:23.016599,0 days 00:12:12.575691,512,0.11981423077055982,0.7876794151276567,0.24693283234415192,4,0.0013863790143395427,1.5950299055352437e-07,0.0006158099919905339,110.49185907276971,2,1,122.33596480801396,,,,54.86353723583444,61.08906973685607,,,COMPLETE
51,51,0.5103083848953247,2021-08-14 12:58:23.066645,2021-08-14 13:12:12.050051,0 days 00:13:48.983406,512,0.22145698461295504,0.8824643846967553,0.2493660922982782,3,0.001061177840077563,1.4158610756640738e-07,0.001254516516969668,111.48991631584202,2,1,127.9100713799485,,,,85.8885097831684,61.290412793859645,,,COMPLETE
52,52,0.5000736117362976,2021-08-14 13:12:12.092090,2021-08-14 13:23:59.155211,0 days 00:11:47.063121,512,0.21028798292027123,0.8846252698006526,0.2415963944079839,3,0.007637667092822124,1.09856344106256e-07,0.0012486362538843242,110.8305162490968,2,1,126.04318053426573,,,,91.85570582357138,57.41761704522992,,,COMPLETE
53,53,0.50955730676651,2021-08-14 13:23:59.195248,2021-08-14 13:35:55.852651,0 days 00:11:56.657403,512,0.19898238844511693,0.8601134336855191,0.2505151376804351,3,0.0032537582051933665,1.0330304134957096e-07,0.0011179262354496689,112.84377735463282,2,1,127.61089380392669,,,,94.06036118301513,57.92135031363203,,,COMPLETE
54,54,0.49656879901885986,2021-08-14 13:35:55.901697,2021-08-14 13:46:21.303146,0 days 00:10:25.401449,512,0.10982244075410603,0.854988124044145,0.24532310712514704,3,0.002715341256000539,1.238262298242225e-07,0.0012251315664930742,112.02421652902358,2,1,127.89687484063008,,,,97.75821470075928,56.77057727118981,,,COMPLETE
55,55,0.4711954891681671,2021-08-14 13:46:21.344184,2021-08-14 13:57:59.185706,0 days 00:11:37.841522,512,0.11612502503613856,0.8674643151613372,0.2479154112181821,3,0.008066730446409504,1.3762736635682147e-07,0.0011822440591890433,117.69514983610819,2,1,115.76901478119163,,,,98.41878540640651,42.998640853689274,,,COMPLETE
56,56,0.07611992955207825,2021-08-14 13:57:59.227744,2021-08-14 14:04:37.270902,0 days 00:06:38.043158,512,0.11445653887306154,1.3605500818910188,0.30401155401168184,3,0.0003045784448072503,1.5627205493861272e-07,0.0012304162312049974,125.73215503272546,2,1,111.52594358928307,,,,98.03360834736128,41.06383722143016,,,COMPLETE
57,57,0.3240509033203125,2021-08-14 14:04:37.351268,2021-08-14 14:08:40.683406,0 days 00:04:03.332138,512,0.11596102465401566,0.7980858139994135,0.2510276291622667,3,0.05060553874667474,3.170582491952027e-07,0.002269955953086041,7.101490978412552,2,1,126.99140235604301,,,,91.63163818887236,34.937001153518764,,,COMPLETE
58,58,0.07611992955207825,2021-08-14 14:08:40.719821,2021-08-14 14:14:24.273147,0 days 00:05:43.553326,512,0.14771507837491146,1.400740987256718,0.24332555305279507,3,0.4513514146035119,1.0073537184013028e-07,0.003942600366665234,107.776101251321,1,1,111.69411949157856,,,,124.79414490002816,,,,COMPLETE
59,59,0.4144258201122284,2021-08-14 14:14:24.309180,2021-08-14 14:24:57.691226,0 days 00:10:33.382046,512,0.1627265782776934,0.7352116332634742,0.1736396291439868,2,0.3380605489592306,3.2942880333679354e-07,0.0020996191386409313,118.9318834877341,2,1,94.22029418713288,,,,89.7842587230414,45.4358986042157,,,COMPLETE
60,60,0.3273642957210541,2021-08-14 14:24:57.733458,2021-08-14 14:36:13.097914,0 days 00:11:15.364456,512,0.1288902090675647,0.9268615698366391,0.14425091866829634,3,0.0013496267108607804,5.541081546546989e-07,0.0011909800268623978,100.1174285045452,2,1,4.524533381490196,,,,79.06449171423533,26.51794646021198,,,COMPLETE
61,61,0.511795699596405,2021-08-14 14:36:13.138953,2021-08-14 14:53:59.881846,0 days 00:17:46.742893,512,0.18728458691482153,0.6461342862387609,0.24188575781248492,3,0.0040209653702772356,1.2968949320980864e-07,0.0007198206508250459,126.95930711983519,2,1,122.95164050818688,,,,105.35625989159706,56.85658384590416,,,COMPLETE
62,62,0.4286366403102875,2021-08-14 14:53:59.922884,2021-08-14 15:07:44.355920,0 days 00:13:44.433036,512,0.22554918840278268,0.588449844531754,0.20960526128677914,3,0.04151762053522,1.0377807442658049e-07,0.0007179597400503009,127.53107278584162,2,1,7.585149832546544,,,,111.0301056720903,55.66620383864328,,,COMPLETE
63,63,0.47536301612854004,2021-08-14 15:07:44.396968,2021-08-14 15:23:30.604495,0 days 00:15:46.207527,512,0.10997641590580817,0.676683671268122,0.27770229001984426,3,0.0013735882478802582,2.3159509823778329e-07,0.0016986360032682825,99.77701385563294,2,1,112.34263406053671,,,,80.80556402392455,72.07877475819622,,,COMPLETE
64,64,0.4756428003311157,2021-08-14 15:23:30.644622,2021-08-14 15:30:13.227857,0 days 00:06:42.583235,512,0.13439383072318112,0.6574282686414176,0.3006582888008775,2,0.0657912935944461,2.2122184571292687e-07,0.0015864923950983413,95.69217946250194,2,1,100.32723753906208,,,,81.05824827576063,88.28173584922179,,,COMPLETE
65,65,0.4208022952079773,2021-08-14 15:30:13.269894,2021-08-14 15:38:37.719153,0 days 00:08:24.449259,512,0.16209569846790978,0.9811003689922427,0.3212070511494049,2,0.06090489403888127,6.96622762330196e-07,0.0029971486636087077,104.42977895941051,2,1,127.90860161560626,,,,110.05208902083392,97.05327791348525,,,COMPLETE
66,66,0.07611992955207825,2021-08-14 15:38:37.759190,2021-08-14 15:43:24.514124,0 days 00:04:46.754934,512,0.1937945982052676,1.2423817545462812,0.29532556810653354,2,0.022338746997592723,1.8341508603999937e-06,0.0008189885234703751,74.59936313002106,2,1,98.40180453096521,,,,59.195511720533496,86.38004536182706,,,COMPLETE
67,67,0.3734721541404724,2021-08-14 15:43:24.554162,2021-08-14 15:52:10.582371,0 days 00:08:46.028209,512,0.13413042295487584,0.6557695679329707,0.23741860728903547,4,0.08191150433966982,4.055552198535657e-07,0.006140511151172661,112.63509863889834,2,1,87.2815733138308,,,,81.21228579287425,56.872410391296015,,,COMPLETE
68,68,0.47930964827537537,2021-08-14 15:52:10.626702,2021-08-14 16:03:12.586633,0 days 00:11:01.959931,512,0.1518142890205493,0.45129391127578966,0.26149024483292294,3,0.04038603078854108,1.6670117022910053e-07,0.0018534067830848731,99.03390172993737,1,1,102.54111259164758,,,,117.17846633991446,,,,COMPLETE
69,69,0.4964215159416199,2021-08-14 16:03:12.629674,2021-08-14 16:16:29.570766,0 days 00:13:16.941092,512,0.22296207892608513,0.4500556823458114,0.26637953917272433,3,0.03810001353066393,1.1024470797533925e-07,0.0010044448700332975,125.23081610371318,1,1,127.53929543899642,,,,125.52064828109853,,,,COMPLETE
70,70,0.40342533588409424,2021-08-14 16:16:29.614718,2021-08-14 16:21:07.394146,0 days 00:04:37.779428,512,0.22033587463453555,0.7500248521614551,0.19886058623857322,3,0.01801929144494031,2.3914452768956048e-06,0.0009351469080649663,13.832851536535728,1,1,126.22356633126071,,,,65.04727655979775,,,,COMPLETE
71,71,0.47394928336143494,2021-08-14 16:21:07.435185,2021-08-14 16:35:39.784460,0 days 00:14:32.349275,512,0.17401921956353156,0.4417715834388928,0.26021194711854967,3,0.040421093247764175,1.1437921081615477e-07,0.0019241868185762823,127.5526145287801,1,1,106.17927879849218,,,,126.48609140000681,,,,COMPLETE
72,72,0.47552499175071716,2021-08-14 16:35:39.827501,2021-08-14 16:50:34.802543,0 days 00:14:54.975042,512,0.14940664104784482,0.48553679819955237,0.2834260915430988,3,0.054676719252312586,1.8776606248985533e-07,0.0013398587821216031,114.10914640966737,1,1,92.93474023651432,,,,114.80806963585044,,,,COMPLETE
73,73,0.07611992955207825,2021-08-14 16:50:34.886386,2021-08-14 16:55:46.750352,0 days 00:05:11.863966,512,0.19572172344996364,1.000779290019525,0.23435499265871482,3,0.0358858565070789,4.989633921741369e-07,0.002784009894958051,97.99245930435195,1,1,126.17501913265063,,,,94.11142662031983,,,,COMPLETE
74,74,0.4907519221305847,2021-08-14 16:55:46.796743,2021-08-14 17:13:08.062155,0 days 00:17:21.265412,512,0.15127361229242445,0.5933909425502557,0.26600626006507094,4,0.0014512904489968797,1.0599372098440478e-06,0.0010480474888127239,127.23778393637888,1,1,113.82389800188288,,,,106.22811101974716,,,,COMPLETE
75,75,0.4883073568344116,2021-08-14 17:13:08.110821,2021-08-14 17:22:43.770150,0 days 00:09:35.659329,512,0.24793693243213236,0.5544202114069354,0.3248161188186972,4,0.0015491574600257102,5.019272796512307e-06,0.0009996561843665637,125.8636626533776,2,1,115.15807451267465,,,,103.51405438976201,33.53100193440967,,,COMPLETE
76,76,0.4855535626411438,2021-08-14 17:22:43.821587,2021-08-14 17:33:43.181071,0 days 00:10:59.359484,512,0.10211444519967695,0.6210232801546675,0.270284190828796,4,0.02078091404616777,9.625907266740042e-07,0.000633475578743485,80.45056470337815,1,1,78.65612521552627,,,,86.5424544823142,,,,COMPLETE
77,77,0.49967601895332336,2021-08-14 17:33:43.224109,2021-08-14 17:44:11.339021,0 days 00:10:28.114912,512,0.12212801360689705,0.7497761461797011,0.23348965704020994,3,0.012301175427768315,1.0237066211203696e-07,0.0011011036118656256,112.68132858061173,2,1,116.94330022704162,,,,73.06879840865464,71.67818285748227,,,COMPLETE
78,78,0.07611992955207825,2021-08-14 17:44:11.391560,2021-08-14 17:50:56.228670,0 days 00:06:44.837110,512,0.21349386633536882,1.1622864947011773,0.22806339168957449,3,0.015122117287033398,7.488252573720788e-07,0.0010939815188185694,117.57546076187617,2,1,90.72538027083935,,,,127.7845364332714,52.971396307109515,,,COMPLETE
79,79,0.40588459372520447,2021-08-14 17:50:56.268710,2021-08-14 17:59:57.934285,0 days 00:09:01.665575,512,0.19203859250006639,0.8691632841087699,0.1886205077711316,3,0.39677665266407397,2.8141014646822306e-07,0.0036414547397988295,88.83703062994577,1,1,82.14610327546177,,,,73.29746135175425,,,,COMPLETE
80,80,0.49627426266670227,2021-08-14 17:59:57.974322,2021-08-14 18:13:33.942625,0 days 00:13:35.968303,512,0.2890716383147784,0.7167689862073378,0.21469847351066748,3,0.05545854796861704,4.3926145082227285e-07,0.0008479385939070043,105.13776455958703,2,1,115.57437955811878,,,,62.84168662708556,19.309482952046352,,,COMPLETE
81,81,0.5005890727043152,2021-08-14 18:13:33.988667,2021-08-14 18:27:56.080874,0 days 00:14:22.092207,512,0.27287135309369437,0.7257759318101812,0.21632959652987677,3,0.030407360147842982,4.1945358145376665e-07,0.0008137999031943603,127.98415111160783,2,1,114.97629137780982,,,,66.11936915846272,19.41076322073721,,,COMPLETE
82,82,0.48552411794662476,2021-08-14 18:27:56.129919,2021-08-14 18:40:23.274829,0 days 00:12:27.144910,512,0.27431536528158196,0.7531054183306408,0.21285862818305934,3,0.05497354796838273,1.1277203751889417e-07,0.0014294440692952243,107.77274616588183,2,1,104.73405159949144,,,,63.616454151085065,18.23537284014087,,,COMPLETE
83,83,0.4900597929954529,2021-08-14 18:40:23.320792,2021-08-14 18:56:36.791054,0 days 00:16:13.470262,512,0.29767013238836704,0.9346759380758926,0.17520915425419087,3,0.08387145884651888,4.155900844416542e-07,0.0008012339771171196,93.36284598486851,2,1,127.72073131281525,,,,74.40511438205256,14.384207288166433,,,COMPLETE
84,84,0.4922392666339874,2021-08-14 18:56:36.841659,2021-08-14 19:10:42.143016,0 days 00:14:05.301357,512,0.2399432235170116,0.705111114338765,0.19697803087362883,3,0.02791361511393083,1.0572355596183784e-07,0.0008473176071105526,118.54638080149891,2,1,116.30772790555633,,,,50.25063097676727,21.106111073566733,,,COMPLETE
85,85,0.07611992955207825,2021-08-14 19:10:42.194206,2021-08-14 19:28:28.731196,0 days 00:17:46.536990,32,0.23216190987951382,1.084570221065507,0.21748479378438582,3,0.014191245388799996,2.6305046512583226e-07,0.00040688864603293824,103.12825503595545,2,1,95.45182774340861,,,,64.24596692128651,13.387012593077024,,,COMPLETE
86,86,0.5119282603263855,2021-08-14 19:28:28.779580,2021-08-14 19:40:16.739937,0 days 00:11:47.960357,512,0.265383622633163,0.4893081026723936,0.23322730844772752,3,0.07263529896269522,2.086739598513516e-07,0.000698430441970771,79.4295671377662,2,1,104.57239859878653,,,,85.40475514521552,19.874739063484427,,,COMPLETE
87,87,0.2615821957588196,2021-08-14 19:40:16.782539,2021-08-14 20:25:14.844735,0 days 00:44:58.062196,16,0.2593972320558473,0.3758365224018928,0.23157547669886044,3,0.07250270427414457,1.02362272629825e-07,0.0005561597234158855,71.18763567136877,2,1,103.89710053037246,,,,87.01002122434879,8.640452845583667,,,COMPLETE
88,88,0.4796483516693115,2021-08-14 20:25:14.883805,2021-08-14 20:39:35.656949,0 days 00:14:20.773144,512,0.20771278398190252,0.49991165500446594,0.254712901626879,3,0.04434395229942219,1.811100655779045e-07,0.0006980818283038961,82.74627522629264,2,1,71.49281479269683,,,,100.12186669323408,16.10484629779131,,,COMPLETE
89,89,0.4928283095359802,2021-08-14 20:39:35.708065,2021-08-14 20:52:58.907427,0 days 00:13:23.199362,512,0.17228191916321814,0.80823284658768,0.2799330948972031,3,0.03163146870159478,2.2955832014666234e-07,0.0013796307832315933,127.92103501055495,2,1,86.27287938387431,,,,74.56021401044426,72.04763886293296,,,COMPLETE
90,90,0.4316849708557129,2021-08-14 20:52:58.960404,2021-08-14 21:02:13.358211,0 days 00:09:14.397807,128,0.18422017768448296,0.44282067385982804,0.23782538034175335,3,0.014772188348540733,6.196367107611787e-07,0.0004525025019765532,57.82793545786679,2,1,127.11200716981413,,,,89.31968219058965,49.604873042953976,,,COMPLETE
91,91,0.5012075304985046,2021-08-14 21:02:13.407256,2021-08-14 21:17:15.070343,0 days 00:15:01.663087,512,0.3028624011638553,0.706258693373635,0.206284620729299,3,0.09172203578481165,3.917279027944965e-07,0.0008796565493761231,105.56110790006913,2,1,114.3067342417892,,,,53.24647177768535,20.68379844053297,,,COMPLETE
92,92,0.4854063093662262,2021-08-14 21:17:15.112381,2021-08-14 21:24:52.425317,0 days 00:07:37.312936,512,0.2680715486365966,0.8972021007998641,0.1628261937740093,2,0.09618877865057036,3.333818174692431e-07,0.0010095173934443814,93.3191073556309,2,1,107.13986462922755,,,,54.39798679995234,22.661478145833208,,,COMPLETE
93,93,0.4944482147693634,2021-08-14 21:24:52.477464,2021-08-14 21:38:44.618099,0 days 00:13:52.140635,512,0.22020064112116958,0.5505029719777506,0.20515843189977775,3,0.07245765229464915,1.3844917205680945e-07,0.001266072993724158,117.52865532204827,2,1,120.98582588039436,,,,81.74882217392913,19.677382051427617,,,COMPLETE
94,94,0.49974966049194336,2021-08-14 21:38:44.670673,2021-08-14 21:51:34.719364,0 days 00:12:50.048691,512,0.34986851583574213,0.6371009796574368,0.18792619487763784,3,0.030910667909095076,1.4085255402861365e-06,0.0007174011829922317,85.02161430339599,2,1,96.04361046540123,,,,70.82215865822117,17.10282335055981,,,COMPLETE
95,95,0.38618090748786926,2021-08-14 21:51:34.763660,2021-08-14 22:02:22.299578,0 days 00:10:47.535918,64,0.3177195951653544,0.6191385304115766,0.1844285475536343,3,0.12599498739050596,1.5267955944172078e-06,0.0005348529644303584,76.44032947416736,2,1,96.94342025811893,,,,67.78971286151545,26.673014142890786,,,COMPLETE
96,96,0.5055665373802185,2021-08-14 22:02:22.346621,2021-08-14 22:15:41.998172,0 days 00:13:19.651551,512,0.3905388946849349,0.7931512235758265,0.1531476510449125,3,0.02728991954860667,7.931381326146561e-07,0.0006913957015911201,88.77054131816898,2,1,74.47874540139098,,,,47.57061025922669,17.44854569593662,,,COMPLETE
97,97,0.07611992955207825,2021-08-14 22:15:42.042213,2021-08-14 22:19:43.027581,0 days 00:04:00.985368,512,0.3504458097603611,1.004564543529082,0.15121518835361056,3,0.028692754448087325,4.4550108386968085e-06,0.0006987190618982361,68.29323610119486,2,1,75.71592923573677,,,,43.50118972095006,16.87490417411645,,,COMPLETE
98,98,0.49833592772483826,2021-08-14 22:19:43.070510,2021-08-14 22:31:34.292222,0 days 00:11:51.221712,512,0.37885645898857934,0.8129201194767095,0.22227042762422877,3,0.06203861042765349,7.194188080668446e-07,0.00043121245004276124,86.95081228309716,2,1,81.19694009709093,,,,53.05154334702651,14.390162331820983,,,COMPLETE
99,99,0.44801637530326843,2021-08-14 22:31:34.334264,2021-08-14 22:41:33.650348,0 days 00:09:59.316084,512,0.4084996348211911,0.6675524806740445,0.12841530138255647,2,0.04901470701635586,7.516892765682694e-06,0.000591904601886123,64.51848922296408,2,1,67.34455215511197,,,,47.73679419370109,10.860129990921775,,,COMPLETE
100,100,0.5017377138137817,2021-08-14 22:41:33.691900,2021-08-14 22:58:25.982646,0 days 00:16:52.290746,512,0.3080664051220276,0.7721418627951092,0.11457315985463587,3,0.0902297527357932,1.0884507800837364e-06,0.0007364884907323529,77.14868790448618,2,1,90.47039228576571,,,,59.00027926145012,21.66567076571664,,,COMPLETE
101,101,0.07611992955207825,2021-08-14 22:58:26.076803,2021-08-14 23:03:03.201280,0 days 00:04:37.124477,512,0.35267602968392053,0.773377136625121,0.09815828667082119,3,0.021010129410074494,9.46684612774601e-07,0.09980054362431261,83.52625019863686,2,1,91.682305380085,,,,60.0872351314423,20.797653195999008,,,COMPLETE
102,102,0.5010013580322266,2021-08-14 23:03:03.242316,2021-08-14 23:10:22.688488,0 days 00:07:19.446172,512,0.29789125986749143,0.7037752299067215,0.1919765468555255,3,0.09046217100118488,2.5255740134780443e-06,0.0008856801318449024,74.52981853939482,2,1,105.84217843903417,,,,38.48468801567179,24.09244784811851,,,COMPLETE
103,103,0.4669395983219147,2021-08-14 23:10:22.733670,2021-08-14 23:16:57.691826,0 days 00:06:34.958156,512,0.3122192119763144,0.6994295788061012,0.13956066117190713,3,0.08443411646100221,2.103973249303915e-06,0.0007506698928039609,78.84481975331086,2,1,62.84023115828364,,,,47.36895259835857,17.84916737220736,,,COMPLETE
104,104,0.5047860145568848,2021-08-14 23:16:57.727859,2021-08-14 23:29:21.040496,0 days 00:12:23.312637,512,0.33903079606324826,0.62635439991256,0.10762708312718591,3,0.0982439724901824,3.1813030042266434e-06,0.0009048708961231395,54.7785675503254,2,1,99.13026166038394,,,,38.65449006649314,15.639825559158576,,,COMPLETE
105,105,0.3617058992385864,2021-08-14 23:29:21.083535,2021-08-14 23:35:07.128611,0 days 00:05:46.045076,512,0.40464816325984493,0.5746113481422,0.10730092769557585,3,0.09756127086921308,3.0079981719978057e-06,0.0008800716840051651,48.614905613476026,2,1,85.62611245946258,,,,36.56434117008112,6.087941783152713,,,COMPLETE
106,106,0.35543251037597656,2021-08-14 23:35:07.171930,2021-08-15 00:02:41.427895,0 days 00:27:34.255965,32,0.3035620066897417,0.8380504605993521,0.07949349030871616,3,0.13391957113184116,8.56487872626846e-06,0.0005051569662819736,53.21474674165911,2,1,107.26294259316305,,,,39.14385060780971,25.094360514348836,,,COMPLETE
107,107,0.41904985904693604,2021-08-15 00:02:41.485677,2021-08-15 00:12:20.437981,0 days 00:09:38.952304,512,0.257976990806949,0.9562372621326565,0.11867853773252586,3,0.10519491406222858,1.1064458223696017e-06,0.001542377982932409,61.30292737909284,2,1,75.10445792898823,,,,41.15595556174598,12.893726304686577,,,COMPLETE
108,108,0.26243630051612854,2021-08-15 00:12:20.479013,2021-08-15 00:44:46.525733,0 days 00:32:26.046720,16,0.33658697498576595,0.5239524764858688,0.08691317635807147,3,0.12576074767072046,5.451030685036029e-07,0.0008985779701274762,72.19249588732889,2,1,101.80517062751373,,,,45.02552286277743,28.640469654631204,,,COMPLETE
109,109,0.4320531189441681,2021-08-15 00:44:46.570656,2021-08-15 00:55:07.714243,0 days 00:10:21.143587,512,0.28490159897614303,0.6930164855608345,0.15300783261702353,3,0.09070301154588413,3.519523190217661e-07,0.0003048373146087886,43.22586067461679,2,1,19.60323120141546,,,,33.59927805584334,15.251010605276146,,,COMPLETE
110,110,0.527052104473114,2021-08-15 00:55:07.764148,2021-08-15 01:06:19.352679,0 days 00:11:11.588531,512,0.23228671264811981,0.9033480819567804,0.06312663194502317,3,0.11489015602753867,3.6334755001380813e-06,0.0003793267424153476,33.25939499140622,2,1,90.03869954039551,,,,52.289366787077995,21.658214739847065,,,COMPLETE
111,111,0.5100874900817871,2021-08-15 01:06:19.397720,2021-08-15 01:15:10.633730,0 days 00:08:51.236010,512,0.2395606203544684,0.8928155556289229,0.010950319643414863,3,0.11283524795647183,4.291826696798136e-06,0.0006522211705463667,31.839818239613205,2,1,90.24306933597717,,,,51.706149816120906,21.346387555555747,,,COMPLETE
112,112,0.07611992955207825,2021-08-15 01:15:10.686777,2021-08-15 01:18:19.035009,0 days 00:03:08.348232,512,0.464945706722229,1.0357186418468283,0.0599147106910398,3,0.1459757986806986,1.1999538727971985e-05,0.00037624594983208813,33.136899115578984,2,1,86.76608274172482,,,,51.06494852781809,21.56155284523127,,,COMPLETE
113,113,0.07611992955207825,2021-08-15 01:18:19.112081,2021-08-15 01:21:13.830564,0 days 00:02:54.718483,512,0.23711722393655715,1.13847710382483,0.04222872352593401,3,0.11414031298016906,6.1402692721715485e-06,0.0006173192638903822,26.284941328389483,2,1,80.09210699040476,,,,56.388737796267115,18.828189476624836,,,COMPLETE
114,114,0.48522958159446716,2021-08-15 01:21:13.873707,2021-08-15 01:27:14.142072,0 days 00:06:00.268365,512,0.2525557795274438,0.9258019172440141,0.0014973522887135656,3,0.10325290263437069,2.732501508687292e-06,0.0004441308843385248,27.166275785089066,2,1,91.24540161714376,,,,40.39745415322077,20.15199374616142,,,COMPLETE
115,115,0.5065678954124451,2021-08-15 01:27:14.187009,2021-08-15 01:34:09.928225,0 days 00:06:55.741216,512,0.2770741722568118,0.7984773150882462,0.03849656306260435,3,0.115520796636621,1.964229447520253e-06,0.0005902051040333383,18.501436253689857,2,1,109.46795272984275,,,,45.33673181457952,24.100109622208464,,,COMPLETE
116,116,0.5016051530838013,2021-08-15 01:34:09.985278,2021-08-15 01:44:41.282041,0 days 00:10:31.296763,512,0.3009046942694597,0.7972825978247678,0.02764768262418696,3,0.1313939516516966,1.8450616342721914e-06,0.00025598351324370165,18.829071877682335,2,1,98.87215053334617,,,,36.04717450888422,24.10262100114436,,,COMPLETE
117,117,0.4173268973827362,2021-08-15 01:44:41.330865,2021-08-15 01:52:10.264679,0 days 00:07:28.933814,128,0.39155577084307835,0.8102120528390903,0.02460275644513485,3,0.16771147535919023,4.4195756465590375e-06,0.0004602854902902523,18.73184312636378,2,1,70.56902582178954,,,,45.41248642297247,22.719458833143317,,,COMPLETE
118,118,0.5088062882423401,2021-08-15 01:52:10.310159,2021-08-15 01:58:52.186560,0 days 00:06:41.876401,512,0.2816716816718032,0.768378483610128,0.021948131352132243,3,0.12051532182790789,1.799121586788774e-06,0.0005716493948113378,16.296216030862414,2,1,97.54747890369711,,,,35.10440927667217,29.74951586559876,,,COMPLETE
119,119,0.5172591805458069,2021-08-15 01:58:52.231964,2021-08-15 02:07:08.827611,0 days 00:08:16.595647,512,0.3320186219757229,0.8786728006127554,0.015138285373006183,3,0.11736469358187396,3.941461082570833e-06,0.0002525340705944824,16.143367694006496,2,1,99.20904233741354,,,,36.49622986804815,28.472771116814386,,,COMPLETE
120,120,0.07611992955207825,2021-08-15 02:07:08.874285,2021-08-15 02:09:30.195739,0 days 00:02:21.321454,512,1.9161091950816707,1.225450774511308,0.0055528192257790696,2,0.15250454555460316,1.508119712479668e-05,0.0005624344685976085,15.912872913702392,2,1,80.0220959254401,,,,33.598224768173004,25.742761664024535,,,COMPLETE
121,121,0.5208228826522827,2021-08-15 02:09:30.237540,2021-08-15 02:20:23.043738,0 days 00:10:52.806198,512,0.3268475992899901,0.8833291683757023,0.02564218794891631,3,0.1332960010705211,1.4614921510091688e-06,0.00023988071127869443,21.85585464891858,2,1,99.55055445200755,,,,35.86692690105577,27.765852661399602,,,COMPLETE
122,122,0.47951579093933105,2021-08-15 02:20:23.095815,2021-08-15 02:32:07.615868,0 days 00:11:44.520053,512,0.3354930345402289,0.8864246454879416,0.04838623309558735,3,0.11638518108698889,3.5983280625801747e-06,0.0002364355837448464,16.70120117239804,2,4,91.59612709209898,125.61449289970372,24.55787739633404,5.126777151151797,33.012940160019056,29.153353062213093,,,COMPLETE
123,123,0.07611992955207825,2021-08-15 02:32:07.664225,2021-08-15 02:34:34.591666,0 days 00:02:26.927441,512,0.23843025344087515,1.052456098401899,0.013291459243421387,3,0.11785676432287155,1.4307425851013455e-06,0.0003265827518203132,21.82182785666849,2,1,98.44301496180682,,,,30.174191246531777,32.39682908851842,,,COMPLETE
124,124,0.48558300733566284,2021-08-15 02:34:34.634706,2021-08-15 02:51:23.821376,0 days 00:16:49.186670,64,0.2743940673992989,0.9631818156995996,0.036970634940184786,3,0.10778277047596105,3.2470297480136464e-05,0.0003020063131842586,12.38193668051637,2,1,84.79359092817477,,,,49.38836621846951,37.769011831383324,,,COMPLETE
125,125,0.5038582682609558,2021-08-15 02:51:23.871422,2021-08-15 02:59:18.520541,0 days 00:07:54.649119,512,0.3721794776904751,0.8470037014264679,0.05204787765950906,3,0.1446997924146414,6.050998877741377e-06,0.0003944289720786216,21.83636116874061,2,1,89.74914159025225,,,,36.38377933119541,28.068642842972903,,,COMPLETE
126,126,0.5107207298278809,2021-08-15 02:59:18.564557,2021-08-15 03:06:27.508490,0 days 00:07:08.943933,512,0.20377250964246568,0.9017904062579049,0.07093549006290481,3,0.180588629676384,6.293953529246793e-06,0.00039283702202208055,21.436512410150062,2,1,108.20873526723786,,,,31.754751964834014,27.665051464291952,,,COMPLETE
127,127,0.5262863636016846,2021-08-15 03:06:27.559229,2021-08-15 03:15:11.356488,0 days 00:08:43.797259,512,0.201927553002252,0.9127894313170724,0.06874570193312597,3,0.2198536066491299,4.165890058062216e-06,0.00027225966664879043,23.700685068721743,2,1,109.2293662705364,,,,25.11912027202426,30.808673221033448,,,COMPLETE
128,128,0.5122522115707397,2021-08-15 03:15:11.413540,2021-08-15 03:24:20.456725,0 days 00:09:09.043185,512,0.20159219721687027,0.9115082628363514,0.0697635527495084,3,0.21993956038124327,1.1663920589255448e-05,0.00023034599892240827,24.682270793169625,2,1,107.3818761319424,,,,25.137617149377377,30.682990989630824,,,COMPLETE
129,129,0.5264630317687988,2021-08-15 03:24:20.493758,2021-08-15 03:36:20.051204,0 days 00:11:59.557446,512,0.1993959526737341,0.9136578147076497,0.06870164973507029,3,0.18549292598188966,2.2382948348647357e-05,0.00016911316219133982,24.689412626136765,2,1,109.07132360345048,,,,24.07082822101055,32.92127071149182,,,COMPLETE
130,130,0.07611992955207825,2021-08-15 03:36:20.087236,2021-08-15 03:38:48.868989,0 days 00:02:28.781753,512,0.19833318611982814,1.127966370967093,0.0689725286253726,3,0.21047511162557309,2.4865777504831124e-05,0.00017596029204468012,24.331414304675263,2,1,121.28205558655304,,,,27.689211668127186,31.38698839247422,,,COMPLETE
131,131,0.508776843547821,2021-08-15 03:38:48.918122,2021-08-15 03:54:39.978829,0 days 00:15:51.060707,512,0.18833615411063115,0.9334682537799034,0.07139986906086356,3,0.2345722017737308,1.3264952017636032e-05,0.00012068059677925534,29.851838836978644,2,1,108.39669495788674,,,,23.728776816845905,27.456657411096565,,,COMPLETE
132,132,0.5221776962280273,2021-08-15 03:54:40.022243,2021-08-15 04:09:53.638475,0 days 00:15:13.616232,512,0.1855864008092463,0.9918258720903823,0.08258522986198544,3,0.2636998698546881,1.1359115173759509e-05,0.00013147830295948782,30.81417879967602,2,1,106.57478050994798,,,,23.03787617382704,37.54189826472799,,,COMPLETE
133,133,0.5127971172332764,2021-08-15 04:09:53.696527,2021-08-15 04:20:12.677149,0 days 00:10:18.980622,512,0.2014019983366325,0.9950017784276056,0.09277136517948721,3,0.2676050290956243,9.611540463349449e-06,0.00021669061399539274,32.62841108043509,2,1,120.00703877231572,,,,21.419035523243977,34.66783355601647,,,COMPLETE
134,134,0.07611992955207825,2021-08-15 04:20:12.719002,2021-08-15 04:23:03.922287,0 days 00:02:51.203285,512,0.17097464601567097,1.2924613284373585,0.0875049548639778,3,0.3062975686495395,9.319704987911844e-06,0.00024322993723342818,36.277464300745876,2,1,120.23808041517127,,,,19.359073060626994,36.96166354572541,,,COMPLETE
135,135,0.07611992955207825,2021-08-15 04:23:03.966733,2021-08-15 04:25:42.770821,0 days 00:02:38.804088,512,0.2018232823904812,1.0139015718491335,0.06534069754500439,3,0.24983055193511589,6.854689975763718e-06,0.0001807815828604132,30.396798182476,2,1,109.77775820132898,,,,24.671791254058736,33.51500313529421,,,COMPLETE
136,136,0.07611992955207825,2021-08-15 04:25:42.811707,2021-08-15 04:28:11.396347,0 days 00:02:28.584640,512,0.1855089820848933,1.0986528005547116,0.08200687344907076,3,0.26672111860249487,1.0762207113359482e-05,0.0002139925017300723,24.59156002608151,2,1,104.94351304891731,,,,21.823787516918127,39.50132161741467,,,COMPLETE
137,137,0.5207787156105042,2021-08-15 04:28:11.432380,2021-08-15 04:39:26.659936,0 days 00:11:15.227556,512,0.21377043301006732,0.9022392488957323,0.09405598942270496,3,0.19357039942379692,1.7963026466652536e-05,0.0001222062343613872,20.666988358171455,2,1,118.09083485532294,,,,19.24676034519408,43.634967740044246,,,COMPLETE
138,138,0.07611992955207825,2021-08-15 04:39:26.702981,2021-08-15 04:41:42.448418,0 days 00:02:15.745437,512,0.16191388095448886,1.2131091027123206,0.09419445804065878,3,0.2095256212021037,4.3186968096711583e-05,0.00012561891847183426,20.226651733250463,2,1,14.791006149466744,,,,16.075874470596542,36.376549760228094,,,COMPLETE
139,139,0.5504226684570312,2021-08-15 04:41:42.488088,2021-08-15 04:58:16.683306,0 days 00:16:34.195218,512,0.21937524269006023,0.9048459433403832,0.05100306154040382,3,0.1873499413598238,5.939747402450876e-05,0.00015857346743961497,34.263482968455946,2,1,116.52732205173844,,,,19.41979001354862,45.46638111870695,,,COMPLETE
140,140,0.3741348385810852,2021-08-15 04:58:16.740804,2021-08-15 05:43:10.216689,0 days 00:44:53.475885,16,0.21176593796032572,0.9715527928388836,0.07635506949533458,3,0.18595206290357874,5.416073714471994e-05,0.00014365415151824088,26.122659977343766,2,1,117.20144278035382,,,,19.477751730037998,34.806824509806056,,,COMPLETE
141,141,0.5270079374313354,2021-08-15 05:43:10.272740,2021-08-15 05:56:08.740070,0 days 00:12:58.467330,512,0.2257961941952361,0.8937753133388991,0.05063198654194208,3,0.21921590468346952,0.00010167025503237672,0.0001630861563926851,34.24995890391608,2,1,119.68501882962771,,,,22.92281103895127,43.3322789362603,,,COMPLETE
142,142,0.07611992955207825,2021-08-15 05:56:08.781107,2021-08-15 05:59:07.745488,0 days 00:02:58.964381,512,0.22457056889468865,1.0503795844530126,0.05268604526204211,3,0.2194478331788099,9.763877663256536e-05,0.00016740301022278065,38.25439713538728,2,1,127.83211199471576,,,,22.604925920335873,42.93273460369618,,,COMPLETE
143,143,0.5293346643447876,2021-08-15 05:59:07.790531,2021-08-15 06:10:00.392056,0 days 00:10:52.601525,512,0.20887766719574574,0.9060247501980964,0.032852631790747926,3,0.19238167657963123,2.3965540125033355e-05,0.00021204887322328884,20.77113494218322,2,1,117.75474110022091,,,,26.046134242975814,40.55555660497357,,,COMPLETE
144,144,0.07611992955207825,2021-08-15 06:10:00.435095,2021-08-15 06:12:57.374610,0 days 00:02:56.939515,512,0.1805415757289106,1.0019796095053435,0.034392029224152285,3,0.19565419793130004,1.79957715417834e-05,0.00020474710442669626,34.75757044442538,2,1,117.90117804595103,,,,25.25684647513088,45.8159515904308,,,COMPLETE
145,145,0.34319499135017395,2021-08-15 06:12:57.424348,2021-08-15 06:30:33.596010,0 days 00:17:36.171662,32,0.2058282984472518,0.9251187168970364,0.06514855344050097,3,0.22299302366323087,2.1836541366966652e-05,0.0002763769392165634,20.24478132641749,2,1,110.09559478160475,,,,20.699767320323357,39.63332271238517,,,COMPLETE
146,146,0.39143815636634827,2021-08-15 06:30:33.637034,2021-08-15 06:41:36.632773,0 days 00:11:02.995739,512,0.1918095775486235,0.8553331410723993,0.09130103831156329,3,0.17374643777958032,3.5187611120612015e-05,0.00010303663952327469,28.24427769835404,2,1,26.03451273051548,,,,16.709684119465745,30.965761518967813,,,COMPLETE
147,147,0.07611992955207825,2021-08-15 06:41:36.677816,2021-08-15 06:44:02.619013,0 days 00:02:25.941197,512,0.21667212344992134,1.5416682958188823,0.04595049583114065,3,0.26510954717474866,8.367244745809856e-05,0.00013844442215872233,23.295958145857675,2,1,101.06973533503952,,,,18.757521463998327,43.08162210740647,,,COMPLETE
148,148,0.07611992955207825,2021-08-15 06:44:02.663355,2021-08-15 06:46:23.387949,0 days 00:02:20.724594,512,0.16746478250198543,1.1734992395806285,0.059023602770456936,3,0.24769738544080241,1.7665645120415094e-05,0.0001596300372757756,14.011044730665533,2,1,120.46404989271966,,,,26.603698545325692,48.030389319531444,,,COMPLETE
149,149,0.07611992955207825,2021-08-15 06:46:23.429399,2021-08-15 06:48:47.633664,0 days 00:02:24.204265,512,0.22878511717328928,1.062584913383251,0.032435186986995754,3,0.18696839194188258,0.0001930280753810009,0.00022832892740801944,21.35670217761145,2,1,104.65102604725934,,,,23.038453550026833,34.33472277418427,,,COMPLETE
150,150,0.5269637703895569,2021-08-15 06:48:47.714438,2021-08-15 07:00:31.624119,0 days 00:11:43.909681,512,0.20536904302590656,0.9533177480867705,0.07450244249328852,3,0.20213352974997204,4.766044623914172e-05,0.00018905793312291077,24.636930516260332,2,1,113.33314252971526,,,,28.914151649454332,51.55811387999716,,,COMPLETE
151,151,0.5230612754821777,2021-08-15 07:00:31.668500,2021-08-15 07:09:20.736388,0 days 00:08:49.067888,512,0.201548401102949,0.9567838918456673,0.07409671281142934,3,0.20216724784521556,4.520149596815995e-05,0.00020258257128195288,25.23290511909936,2,1,112.39387068028356,,,,28.814345270891515,44.69021671826933,,,COMPLETE
152,152,0.5254175066947937,2021-08-15 07:09:20.778876,2021-08-15 07:17:51.666371,0 days 00:08:30.887495,512,0.17916062670807226,0.9741758346481426,0.08059397399785953,3,0.20104065223385897,4.9842648582209086e-05,0.00019519054492092512,28.497362134639808,2,1,114.07650170592899,,,,27.44916765253497,51.584921053462,,,COMPLETE
153,153,0.5315877795219421,2021-08-15 07:17:51.708891,2021-08-15 07:29:06.398061,0 days 00:11:14.689170,512,0.21403608271575986,0.9677755964301061,0.08270077522605138,3,0.2023816946995922,6.767170211888827e-05,0.00018987159377524727,24.59678248103856,2,1,113.39326052259759,,,,25.349219962747913,45.19988551800391,,,COMPLETE
154,154,0.5111330151557922,2021-08-15 07:29:06.451966,2021-08-15 07:40:52.497996,0 days 00:11:46.046030,512,0.17856585779553716,0.9709520175439141,0.0792129537871196,3,0.2024042777719816,0.00011284561858559587,0.00011865133165178892,28.808046176334763,2,1,114.43362172228771,,,,27.62988846577668,44.304277782192635,,,COMPLETE
155,155,0.07611992955207825,2021-08-15 07:40:52.541036,2021-08-15 07:43:20.226116,0 days 00:02:27.685080,512,0.15767610298674598,1.1075404192633427,0.049496582616399956,3,0.22293088825837348,5.3548165661670894e-05,0.00019081448258122588,24.35012444244723,2,1,127.92761295713674,,,,21.493102724881517,40.857721849428444,,,COMPLETE
156,156,0.5283627510070801,2021-08-15 07:43:20.268155,2021-08-15 07:54:17.382516,0 days 00:10:57.114361,512,0.19934758185451265,0.9988006605755793,0.09977344095241071,3,0.29362957502990766,6.652838868104933e-05,0.00017140570748245957,31.554192924508303,2,1,113.90690025429184,,,,28.166191984472043,51.34773194554955,,,COMPLETE
157,157,0.07611992955207825,2021-08-15 07:54:17.427557,2021-08-15 07:57:06.012520,0 days 00:02:48.584963,512,0.21127488541227651,1.0012362398497112,0.09674993682493992,3,0.3021523993660477,7.133620500181759e-05,0.00015984454234002136,31.484946689811117,2,1,116.47413860326513,,,,28.92806243621457,50.63025500108442,,,COMPLETE
158,158,0.5339734554290771,2021-08-15 07:57:06.055558,2021-08-15 08:13:48.613913,0 days 00:16:42.558355,512,0.19224398804918774,0.9559109265303657,0.10371092021573806,3,0.20331282007066603,4.2141702636638354e-05,0.00013026899515806387,33.633924935551576,2,1,95.43648184209052,,,,28.643550157637524,53.011831501280774,,,COMPLETE
159,159,0.49989691376686096,2021-08-15 08:13:48.657172,2021-08-15 08:28:28.491678,0 days 00:14:39.834506,128,0.17656562607265666,0.8334650020846138,0.10347915879080699,3,0.2006513929219264,3.9603685394929776e-05,0.00013208122655987813,44.16159704362287,2,1,96.2516789173282,,,,28.848920414189344,46.86539728373901,,,COMPLETE
160,160,0.07611992955207825,2021-08-15 08:28:28.537900,2021-08-15 08:31:26.293791,0 days 00:02:57.755891,512,0.2291138082291501,1.0482718146182155,0.1126365372402912,3,0.240286066076838,5.208220974104627e-05,0.00010981729772016506,34.91415953334657,2,1,95.8955805481334,,,,23.9590477378065,53.28286114565791,,,COMPLETE
161,161,0.5153447389602661,2021-08-15 08:31:26.351841,2021-08-15 08:40:19.551860,0 days 00:08:53.200019,512,0.19486371590220658,0.9714013706336954,0.08631165650837397,3,0.2801475782608595,0.00014021463281428065,0.00019672326023228645,27.195498562219836,2,1,112.59782035041465,,,,26.514486226356638,52.072456544662636,,,COMPLETE
162,162,0.547536313533783,2021-08-15 08:40:19.590898,2021-08-15 08:52:01.160457,0 days 00:11:41.569559,512,0.19315511384982545,0.9455407719708576,0.06108816770372319,3,0.18944165921175754,0.0001378908071884528,0.00019070552516051238,27.886904317464438,2,1,111.97279870990036,,,,30.713190326430606,47.69541343776972,,,COMPLETE
163,163,0.5314847230911255,2021-08-15 08:52:01.205335,2021-08-15 09:06:32.489777,0 days 00:14:31.284442,512,0.18815726142430247,0.8818490687673973,0.06155617870640097,3,0.16693787688648112,3.0467626536415287e-05,0.0001578204747745804,29.16316530767377,2,1,102.66935052082978,,,,31.447268658455783,48.909675022213605,,,COMPLETE
164,164,0.5346066355705261,2021-08-15 09:06:32.538229,2021-08-15 09:19:13.368872,0 days 00:12:40.830643,512,0.1862124037287933,0.9518576061021725,0.05784762775653167,3,0.1898692351447001,2.5834513725331687e-05,0.00014819804714189514,37.958494561878645,2,1,127.41709665442069,,,,30.471362744507,47.07625291129296,,,COMPLETE
165,165,0.07611992955207825,2021-08-15 09:19:13.413842,2021-08-15 09:22:23.548712,0 days 00:03:10.134870,512,0.1403585487804403,1.0989581381491464,0.05459784115093043,3,0.16420656275826837,0.0002588733093933334,0.00015111876964346427,38.20367318208543,2,1,103.05085125223586,,,,31.183620269429316,51.0913179020912,,,COMPLETE
166,166,0.4281506836414337,2021-08-15 09:22:23.589575,2021-08-15 09:41:59.474727,0 days 00:19:35.885152,64,0.1847378412663284,0.9440983511508904,0.059972913025925424,3,0.17816587020788294,2.6737424784567725e-05,0.00017171114872201133,28.49202144791413,2,1,111.00336351425196,,,,28.831111197669486,47.89725346190893,,,COMPLETE
167,167,0.5370364785194397,2021-08-15 09:41:59.520769,2021-08-15 09:55:01.858611,0 days 00:13:02.337842,512,0.17034981347003517,0.8432094377151386,0.07643517926965282,3,0.20427170616806334,8.765293760498192e-05,0.00013669616487076657,34.299630944814226,2,1,124.9047123387868,,,,26.070646853571155,63.96587288974988,,,COMPLETE
168,168,0.07611992955207825,2021-08-15 09:55:01.904864,2021-08-15 09:58:03.464592,0 days 00:03:01.559728,512,0.16751476487303618,1.160472356101276,0.07815457529381807,3,0.21104343466832243,6.846593494104559e-05,0.0001418094035204349,34.210767258258436,2,1,127.14609096320274,,,,25.99632709221697,62.08627770143776,,,COMPLETE
169,169,0.07611992955207825,2021-08-15 09:58:03.526991,2021-08-15 10:00:55.626790,0 days 00:02:52.099799,512,0.18706988937045418,1.0250296644624464,0.06323233018617155,3,0.19246718547299718,0.00010129834434272,0.0001828713734986387,30.460940576856196,2,1,122.68401986671464,,,,31.01215220263494,54.89464131893522,,,COMPLETE
170,170,0.07611992955207825,2021-08-15 10:00:55.670036,2021-08-15 10:04:08.464526,0 days 00:03:12.794490,512,0.15997616911828907,1.2847320396053246,0.04576447101409291,3,0.20446935691665982,3.882606160988434e-05,0.00010388065632231109,39.606427757534355,2,1,126.3381155733298,,,,23.796639035608333,67.81399788917304,,,COMPLETE
171,171,0.07570759207010269,2021-08-15 10:04:08.501559,2021-08-15 10:07:12.083938,0 days 00:03:03.582379,512,0.1699856490344322,0.8361034852621613,0.07501495451403206,3,0.17468790786765964,0.00014518543579975104,0.031637211877388216,36.51952274567338,2,1,111.42283102896626,,,,27.609766115807215,48.35668461448803,,,COMPLETE
172,172,0.5387300252914429,2021-08-15 10:07:12.129979,2021-08-15 10:22:47.082294,0 days 00:15:34.952315,512,0.19176210309655312,0.9425211024687148,0.03937239252727802,3,0.2283372934978618,2.899602714137488e-05,0.0001523527325804803,25.17479274229439,2,1,103.59448777306105,,,,32.349710245513855,40.78834578803698,,,COMPLETE
173,173,0.5331782102584839,2021-08-15 10:22:47.135489,2021-08-15 10:37:11.864049,0 days 00:14:24.728560,512,0.17665227872191167,0.9510377117235073,0.056618705756734715,3,0.22659524141905454,2.8350449109415118e-05,0.00015784812233640846,25.639782739758157,2,1,105.15851454213312,,,,31.761177152533136,41.10798922174605,,,COMPLETE
174,174,0.5340912342071533,2021-08-15 10:37:11.918100,2021-08-15 10:48:50.778864,0 days 00:11:38.860764,512,0.17519041703021165,0.9383329098596621,0.042651829452658656,3,0.23266702713414647,7.614394193069812e-05,0.00015838485202915157,25.61346790789701,2,1,127.26732169628212,,,,32.27190325643816,41.99355502905308,,,COMPLETE
175,175,0.5232674479484558,2021-08-15 10:48:50.821905,2021-08-15 11:01:32.186676,0 days 00:12:41.364771,512,0.17494924187578068,0.9314757850826099,0.039173628070881775,3,0.23087771356956333,7.94618332823188e-05,0.00015823468239046286,27.05867915377636,2,1,119.5790224907076,,,,31.75738131260604,39.09932880201191,,,COMPLETE
176,176,0.5358142256736755,2021-08-15 11:01:32.231424,2021-08-15 11:13:41.937537,0 days 00:12:09.706113,512,0.15839236213307573,0.8491343240407144,0.05906702862102058,3,0.21580667989891691,2.9786862898176438e-05,0.00016993746540896521,23.075063641938335,2,1,126.3368759501662,,,,32.932354545083456,54.47332605026203,,,COMPLETE
177,177,0.5276116728782654,2021-08-15 11:13:41.999594,2021-08-15 11:27:16.446950,0 days 00:13:34.447356,512,0.1529762139759094,0.8485374427770296,0.05535244803569776,3,0.2161427445813136,2.7618456660805764e-05,0.00014579447968929212,22.693862450686318,2,1,125.34576260725456,,,,32.93662095148658,41.469261527183505,,,COMPLETE
178,178,0.5312491059303284,2021-08-15 11:27:16.488987,2021-08-15 11:43:02.542375,0 days 00:15:46.053388,512,0.1439593221957006,0.8505291883917447,0.05547891950173753,3,0.23272779389189568,2.6097420745053226e-05,0.0001468261175311842,23.160990630248843,2,1,127.02767278688029,,,,33.55601009014658,41.267150214709645,,,COMPLETE
179,179,0.5270815491676331,2021-08-15 11:43:02.596426,2021-08-15 11:57:23.778945,0 days 00:14:21.182519,512,0.16248821726472426,0.8321631301295973,0.05088171736789284,3,0.22967399313991443,3.0378536366658814e-05,0.00014338354100609349,22.992949754977865,2,1,122.8872940449656,,,,33.6354561446612,41.5306612529321,,,COMPLETE
180,180,0.5295113921165466,2021-08-15 11:57:23.828990,2021-08-15 12:11:50.937749,0 days 00:14:27.108759,512,0.15656627130420814,0.8416475108859702,0.044570661575294865,3,0.24141796866918003,2.942765337541954e-05,0.00011290011768992843,23.157223983413108,2,1,126.598879487474,,,,32.89612580911905,40.27251909878793,,,COMPLETE
181,181,0.5239890217781067,2021-08-15 12:11:50.993800,2021-08-15 12:28:11.531483,0 days 00:16:20.537683,512,0.146953584154588,0.8423211101845169,0.05424198633328662,3,0.24193407967581318,2.8423483053277322e-05,0.00010089360391735248,22.58913083028976,2,1,127.51020790255167,,,,33.36761694217553,42.01823074010426,,,COMPLETE
182,182,0.5287014245986938,2021-08-15 12:28:11.587437,2021-08-15 12:43:56.635252,0 days 00:15:45.047815,512,0.13881656061383166,0.8132179128179954,0.036648333125638255,3,0.2279517093433016,2.8954878881164376e-05,0.00013932727948643485,26.389750456811502,2,1,119.25008450160279,,,,33.61554364503674,41.24482066065438,,,COMPLETE
183,183,0.5273907780647278,2021-08-15 12:43:56.691348,2021-08-15 12:59:01.982695,0 days 00:15:05.291347,512,0.13853409395126265,0.7391597609889837,0.03440899245725981,3,0.23515930436999385,3.368965880041254e-05,0.00011463198065181883,26.758250011459154,2,1,127.3439460601744,,,,32.76069154652257,46.12380454461927,,,COMPLETE
184,184,0.5208818316459656,2021-08-15 12:59:02.029358,2021-08-15 13:18:20.285801,0 days 00:19:18.256443,512,0.1257946824324484,0.7515821207095166,0.03134526566541662,3,0.256280966790042,2.4944210915394474e-05,0.00011726255686037418,26.160634341960726,2,1,125.01702636255618,,,,33.54558456199653,40.33427791955776,,,COMPLETE
185,185,0.533384382724762,2021-08-15 13:18:20.340191,2021-08-15 13:32:54.941981,0 days 00:14:34.601790,512,0.13929470543640943,0.805493592061906,0.039430843597407964,3,0.23706113681851892,3.136639783127284e-05,0.00013501895224995468,26.906416845838386,2,1,127.670333873936,,,,31.360101467574076,47.35991695932507,,,COMPLETE
186,186,0.3493800163269043,2021-08-15 13:32:54.985019,2021-08-15 13:44:15.756707,0 days 00:11:20.771688,512,0.14269399407003114,0.799655547468993,0.04103659918855222,3,0.23297717770627113,3.4293037345737226e-05,0.0001324959931278258,26.96742001139091,2,1,7.713298796866491,,,,31.044322356171,46.67892753551362,,,COMPLETE
187,187,0.5277736783027649,2021-08-15 13:44:15.797744,2021-08-15 13:59:38.750390,0 days 00:15:22.952646,512,0.13331709174840403,0.7364164989062911,0.020575754611003708,3,0.24294988600127718,6.171453690819324e-05,0.00011391323505557516,29.145773689654675,2,1,123.6967499595523,,,,31.29369594377635,55.23753371146158,,,COMPLETE
188,188,0.38350072503089905,2021-08-15 13:59:38.790426,2021-08-15 14:26:38.737225,0 days 00:26:59.946799,32,0.12840070563177747,0.7858688346874964,0.024386280000050706,3,0.24952030324874075,7.519081942573972e-05,0.00014306322069915968,29.917801318563537,2,1,127.22473667091849,,,,30.782119341980323,57.96118013690721,,,COMPLETE
189,189,0.5342826843261719,2021-08-15 14:26:38.787923,2021-08-15 14:43:08.412808,0 days 00:16:29.624885,512,0.15336384272691064,0.851304919091331,0.01761478237804869,3,0.2102811420048348,5.938381029842483e-05,0.00010223210009308785,23.01914373098299,2,1,127.15485761451606,,,,34.92903647821323,54.567258797384405,,,COMPLETE
190,190,0.3665066361427307,2021-08-15 14:43:08.458381,2021-08-15 15:29:11.401074,0 days 00:46:02.942693,16,0.14782934563102926,0.857339000012373,0.0006748338287078694,3,0.3277391960682797,6.874811249008577e-05,0.00010600963974872208,28.650575919169157,2,1,119.55910356862918,,,,36.91597616610789,55.780278591529836,,,COMPLETE
191,191,0.5294819474220276,2021-08-15 15:29:11.448332,2021-08-15 15:43:54.831019,0 days 00:14:43.382687,512,0.1528968496934875,0.8190526222697704,0.020522536872867043,3,0.21238602409511287,5.9518996750636064e-05,0.0001255214086124489,25.965886782966727,2,1,127.70236163461105,,,,34.891246398818794,62.14210264344861,,,COMPLETE
192,192,0.5278767943382263,2021-08-15 15:43:54.880063,2021-08-15 15:57:25.995448,0 days 00:13:31.115385,512,0.13592421407284433,0.7672425357028225,0.019013088929613106,3,0.24241651980234885,5.8396191299061784e-05,0.0001247799584262214,25.388072007671436,2,1,127.54515983670741,,,,30.531139072306008,62.0781706328269,,,COMPLETE
193,193,0.5313816070556641,2021-08-15 15:57:26.046551,2021-08-15 16:09:47.794554,0 days 00:12:21.748003,512,0.15551371011904205,0.8052846947511677,0.013758732739777998,3,0.2256128419878575,0.00011738265656413502,0.0001312027270386922,23.130099660233157,2,1,127.66689482371683,,,,38.85980543031341,66.18678214359882,,,COMPLETE
194,194,0.5305127501487732,2021-08-15 16:09:47.843583,2021-08-15 16:24:33.955295,0 days 00:14:46.111712,512,0.15628507845800574,0.8489259177091398,0.010553696140914922,3,0.22743804848921972,0.00011894662865919666,0.00015752986175405367,19.240269626525055,2,1,127.82330505779349,,,,39.28858667131556,66.43140994616304,,,COMPLETE
195,195,0.51418137550354,2021-08-15 16:24:34.001923,2021-08-15 16:39:03.818055,0 days 00:14:29.816132,512,0.15961649004303957,0.8291130127359282,0.004537151125682922,3,0.22699332648885318,0.00032227498422251284,0.00013405773295121468,20.51848810372765,2,1,126.43845620340258,,,,42.16078001039824,64.32971212614773,,,COMPLETE
196,196,0.5260065197944641,2021-08-15 16:39:03.872106,2021-08-15 16:53:08.237189,0 days 00:14:04.365083,512,0.1534401573053926,0.7875758022992168,0.04152156509475806,3,0.21509358274611912,0.0001765860146303795,0.00015494721606462304,22.659203856644755,2,1,127.11269465474071,,,,38.658051781684435,75.70871554282273,,,COMPLETE
197,197,0.5104556083679199,2021-08-15 16:53:08.280227,2021-08-15 17:10:27.094779,0 days 00:17:18.814552,512,0.14752377211011014,0.8746913431257141,0.01420130335874999,3,0.21145362271090806,0.00010139561605071549,0.00010223566443010815,17.43999554474525,2,1,104.0871567932573,,,,34.94489118446894,67.79797321699137,,,COMPLETE
198,198,0.5165081024169922,2021-08-15 17:10:27.142243,2021-08-15 17:23:03.048165,0 days 00:12:35.905922,512,0.15457734751552513,0.814086302998822,0.03604350064702181,3,0.25392968147751477,0.00024509090682157703,0.00012872561469618187,19.288351147629214,2,1,117.50870817144514,,,,35.47708304775755,59.94817991285185,,,COMPLETE
199,199,0.5268900990486145,2021-08-15 17:23:03.096823,2021-08-15 17:39:24.585596,0 days 00:16:21.488773,512,0.14322291873772716,0.8902202974048503,0.03077487531116736,3,0.1931082840855351,1.8884004248175543e-05,0.0001511780743975057,23.29111302754916,2,1,103.37850426562085,,,,39.16253186090004,65.77576062189013,,,COMPLETE
200,200,0.5216770172119141,2021-08-15 17:39:24.635948,2021-08-15 17:52:15.314212,0 days 00:12:50.678264,512,0.16934221837530886,0.8587121804098284,0.009698131741981687,3,0.22660666870776852,0.0001291735067423451,0.00017894278816042212,20.20538955350346,2,1,127.6990561696992,,,,40.21562065597505,48.42968432549378,,,COMPLETE
201,201,0.07611992955207825,2021-08-15 17:52:15.355249,2021-08-15 17:54:54.004962,0 days 00:02:38.649713,512,0.16096965452973466,1.0448743247213383,0.04446241134349417,3,0.21212403047844494,4.3553695737546074e-05,0.00017384283680682493,25.683565880538215,2,1,117.23967920354661,,,,29.740869904468827,45.26297615974096,,,COMPLETE
202,202,0.5407622456550598,2021-08-15 17:54:54.038740,2021-08-15 18:08:28.059896,0 days 00:13:34.021156,512,0.13207980936893385,0.9276696907240587,0.025873630383330494,3,0.1852661066278636,3.663889045074903e-05,0.00016161093137175608,32.095748691496716,2,1,127.99275491465343,,,,36.754172027564884,50.169086153975286,,,COMPLETE
203,203,0.5348717570304871,2021-08-15 18:08:28.097605,2021-08-15 18:23:30.807523,0 days 00:15:02.709918,512,0.1339798494471254,0.9311541608456496,0.022327891736412503,3,0.15805793202469431,3.908300748870354e-05,0.00012718240608227462,23.731420710677572,2,1,127.64175327964738,,,,37.11417748109654,37.78614561987793,,,COMPLETE
204,204,0.5264483094215393,2021-08-15 18:23:30.856166,2021-08-15 18:37:22.349485,0 days 00:13:51.493319,512,0.12393657150569962,0.9193078905714486,0.02201743165330452,3,0.16377122991904008,1.545482620662737e-05,0.00011810325206709971,23.56829945553392,2,1,127.51564322561512,,,,37.83121897161302,73.15399008580796,,,COMPLETE
205,205,0.5195122957229614,2021-08-15 18:37:22.390262,2021-08-15 18:51:39.457173,0 days 00:14:17.066911,512,0.13402036373411774,0.9466114092692686,0.011503276164774747,3,0.18906805788253667,3.871591873562804e-05,0.00010013463351473994,21.223461293634692,2,1,111.78860053493156,,,,35.46939548030426,37.626731697179736,,,COMPLETE
206,206,0.507318913936615,2021-08-15 18:51:39.506898,2021-08-15 19:07:28.120809,0 days 00:15:48.613911,512,0.11587475547531463,0.8742999403046311,0.03182305351034992,3,0.16987099263600997,8.33954433696045e-05,0.00015188138937801568,17.651843378455016,2,3,116.80475483516759,94.28755315786793,11.534656148164318,,36.771907357494044,55.518073927378786,,,COMPLETE
207,207,0.07611992955207825,2021-08-15 19:07:28.170856,2021-08-15 19:10:20.106622,0 days 00:02:51.935766,512,0.15360480196164017,1.9475901956987358,0.024839255374559985,3,0.176401947746707,1.947120817316631e-05,0.00020942839259272623,24.489961990454635,2,1,104.6674585680391,,,,41.991062260186105,48.97643265895244,,,COMPLETE
208,208,0.5189821124076843,2021-08-15 19:10:20.143661,2021-08-15 19:24:49.852914,0 days 00:14:29.709253,128,0.1686407092360031,0.9379136737491413,0.059669797139072576,3,0.19622465448195336,4.5655758818742605e-05,0.00011618479383080041,41.38831209583697,2,1,126.37741015901054,,,,31.926827623116495,44.791692660518436,,,COMPLETE
209,209,0.07611992955207825,2021-08-15 19:24:49.902961,2021-08-15 19:27:53.762043,0 days 00:03:03.859082,512,0.17651228635580465,1.024923049916049,0.044546021580431264,3,0.15400576086342452,0.00011791382791188497,0.00013149187854801138,32.586099549402135,2,1,111.68540836079265,,,,34.773265838148866,59.709517717849764,,,COMPLETE
210,210,0.322784423828125,2021-08-15 19:27:53.798229,2021-08-15 19:39:26.877914,0 days 00:11:33.079685,64,0.14717773068641926,0.768148659822223,0.002625409615375305,3,0.1847684138992956,0.00043781125089411324,0.0001611190989552158,22.004301917629206,2,1,33.87615205460318,,,,30.076037587994236,81.88449520084835,,,COMPLETE
211,211,0.521794855594635,2021-08-15 19:39:26.928960,2021-08-15 19:53:31.012936,0 days 00:14:04.083976,512,0.13749754701860614,0.8187204744897968,0.017365577133971945,3,0.2291513601895218,2.602550777848968e-05,0.00013495981470657505,27.20565501446706,2,1,119.61808524202186,,,,33.130535966769564,38.66129256837073,,,COMPLETE
212,212,0.5317645072937012,2021-08-15 19:53:31.053975,2021-08-15 20:08:21.289717,0 days 00:14:50.235742,512,0.1579659873864101,0.8694784665068115,0.042660698137501195,3,0.20668596592020747,3.2986818891488153e-05,0.00014380651081486665,26.037726491335007,2,1,118.69667597983087,,,,34.626509538584536,43.49919564936912,,,COMPLETE
213,213,0.3464347720146179,2021-08-15 20:08:21.331673,2021-08-15 20:11:38.995473,0 days 00:03:17.663800,512,0.16656216713283914,0.8647391980045449,0.04650756784942872,3,0.20523299622897118,3.7994831834411074e-05,0.009223140101915522,23.6641412742413,2,1,127.32238104518403,,,,37.89865879525768,49.70635368700572,,,COMPLETE
214,214,0.5375519394874573,2021-08-15 20:11:39.034754,2021-08-15 20:24:37.445214,0 days 00:12:58.410460,512,0.1592104068094787,0.9154293284666457,0.0587584942018456,3,0.21332517131336987,5.322950848445524e-05,0.0001778811914895432,25.200739542161855,2,1,127.81422593323794,,,,40.97996931775284,44.57712641637337,,,COMPLETE
215,215,0.5479633808135986,2021-08-15 20:24:37.485510,2021-08-15 20:40:47.264426,0 days 00:16:09.778916,512,0.1575116256095885,0.9602811546152247,0.05981368459134092,3,0.21589313087394144,5.480643992243201e-05,0.00017698280074378108,28.39069378263403,2,1,126.6045952278391,,,,42.04775517852128,54.02183904711915,,,COMPLETE
216,216,0.531499445438385,2021-08-15 20:40:47.306470,2021-08-15 20:52:17.691634,0 days 00:11:30.385164,512,0.15999779896906743,0.9722156398980892,0.059701433484996645,3,0.2163701295483189,8.344128492911533e-05,0.00018218347935496478,29.741316935780798,2,1,108.91223292867393,,,,41.61889519556781,44.52215145075672,,,COMPLETE
217,217,0.07611992955207825,2021-08-15 20:52:17.726665,2021-08-15 20:55:20.417545,0 days 00:03:02.690880,512,0.17611951167398643,1.0616514527388243,0.06233525393659303,3,0.215937725267824,0.0001781705536254256,0.00016710585802420759,29.63281352847901,2,1,106.90586800034866,,,,41.058411650392095,52.67488185915987,,,COMPLETE
218,218,0.5232527256011963,2021-08-15 20:55:20.456138,2021-08-15 21:07:38.028593,0 days 00:12:17.572455,512,0.14353185295939688,0.9812086277007787,0.056541661265063714,3,0.20674812219807268,8.587691866914595e-05,0.00019944839855230468,35.75107981928348,2,1,99.66044686351603,,,,42.14959354440439,45.89678602567885,,,COMPLETE
219,219,0.5213972330093384,2021-08-15 21:07:38.069632,2021-08-15 21:18:08.846536,0 days 00:10:30.776904,512,0.1625520496851463,0.9588168388592929,0.06279675388115183,3,0.220975567082065,5.290413348715862e-05,0.0001773135415171731,30.97454149222169,2,1,111.31048303486394,,,,39.31860492892174,44.076778144028815,,,COMPLETE
220,220,0.07611992955207825,2021-08-15 21:18:08.887744,2021-08-15 21:21:14.618386,0 days 00:03:05.730642,512,0.1813072146673172,1.1088238470533263,0.052465145295385325,3,0.19735100542885473,0.00012741106133642082,0.00016211362387544308,28.301296673216484,2,1,117.51640548275103,,,,44.306481936300244,54.15842251785192,,,COMPLETE
221,221,0.5398786664009094,2021-08-15 21:21:14.655325,2021-08-15 21:34:12.838049,0 days 00:12:58.182724,512,0.1562107251588032,0.9071436811774846,0.04562119418802141,3,0.23305165456437746,3.904889924596022e-05,0.00014917155587093367,25.64221738270232,2,1,126.45305684904008,,,,37.53105523604395,49.45572441495465,,,COMPLETE
222,222,0.5412629246711731,2021-08-15 21:34:12.879418,2021-08-15 21:46:32.747303,0 days 00:12:19.867885,512,0.15968306324065124,0.9267905491012651,0.06594836944015492,3,0.2292874746340257,4.230720310259483e-05,0.00018874513763847414,32.756550443915096,2,1,127.85848640342871,,,,37.47171158690201,49.36529995609898,,,COMPLETE
223,223,0.5429711937904358,2021-08-15 21:46:32.788213,2021-08-15 22:02:47.945335,0 days 00:16:15.157122,512,0.1314197870071126,0.9252030334326189,0.06428180283786357,3,0.1836754392342199,4.097947237385459e-05,0.00018769863253728514,32.437710111824764,2,1,118.65918302212584,,,,36.176463746293095,48.10826225651597,,,COMPLETE
224,224,0.07611992955207825,2021-08-15 22:02:47.990376,2021-08-15 22:05:48.359380,0 days 00:03:00.369004,512,0.16966804825257403,1.019102705658381,0.06976537784860035,3,0.18150804993876563,4.302420974082658e-05,0.00018879755017828766,32.975186684532595,2,1,107.86031358624108,,,,36.653484709071904,48.61443721810447,,,COMPLETE
225,225,0.5622330904006958,2021-08-15 22:05:48.402418,2021-08-15 22:20:38.625148,0 days 00:14:50.222730,512,0.12939494266399126,0.9305293426740503,0.06479445465768005,3,0.16031713690756644,6.452410564323062e-05,0.00019014422624607185,37.48223574729335,2,1,118.05598463385479,,,,45.0905612431497,50.10407830586089,,,COMPLETE
226,226,0.5482873320579529,2021-08-15 22:20:38.666183,2021-08-15 22:34:44.515395,0 days 00:14:05.849212,512,0.13016251710804458,0.9415393461465189,0.06764412272265816,3,0.15999496258441312,6.550174992290033e-05,0.00023855481369592502,36.89836514990944,2,1,101.92583279397117,,,,42.48150123245937,49.86175773006708,,,COMPLETE
227,227,0.5274791717529297,2021-08-15 22:34:44.558124,2021-08-15 22:47:14.299356,0 days 00:12:29.741232,512,0.12135033360089743,0.949865671991303,0.07313518642997438,3,0.15667304922939737,6.321996962353376e-05,0.00023304015417330835,37.86541723400502,2,1,113.70496383035079,,,,41.56070233940947,52.96852986823398,,,COMPLETE
228,228,0.07611992955207825,2021-08-15 22:47:14.336389,2021-08-15 22:50:32.932583,0 days 00:03:18.596194,512,0.12274478502792362,1.0094489856844326,0.06335942230997356,3,0.18578148625569987,7.832393012950388e-05,0.00021200531850180452,34.63144970054233,2,1,117.91754494540237,,,,45.67187744734506,46.57645611909968,,,COMPLETE
229,229,0.5317792296409607,2021-08-15 22:50:32.970618,2021-08-15 23:04:20.896289,0 days 00:13:47.925671,512,0.13014925630717394,0.932131221163054,0.05120794096073242,3,0.2054436966494681,4.896953071990854e-05,0.00018639716252471839,44.06321247763336,2,1,96.66804171068281,,,,43.854554485476896,49.85248022771752,,,COMPLETE
230,230,0.5323830246925354,2021-08-15 23:04:20.937415,2021-08-15 23:17:29.664121,0 days 00:13:08.726706,512,0.12914936642241598,0.9195520400324363,0.04759068762532252,3,0.19945328800138842,4.929713668426314e-05,0.00025754530163764946,42.76786689687479,2,1,92.78717551061995,,,,47.214984450325744,50.86145519137432,,,COMPLETE
231,231,0.5275233387947083,2021-08-15 23:17:29.705409,2021-08-15 23:30:18.828181,0 days 00:12:49.122772,512,0.1063325339558639,0.9359329205215312,0.04654527454938569,3,0.20232318760789889,4.492588900114626e-05,0.0002612214386178022,44.65857451665971,2,1,97.53075711409859,,,,44.9846816775607,50.734406741851956,,,COMPLETE
232,232,0.5364327430725098,2021-08-15 23:30:18.869220,2021-08-15 23:44:22.718875,0 days 00:14:03.849655,512,0.13445150699411748,0.9026502266574521,0.05187500387079973,3,0.17628723289772824,5.755041446879019e-05,0.00021540988065392225,40.52065754114941,2,1,95.9414728519787,,,,47.28750819964987,55.7033893062855,,,COMPLETE
233,233,0.5249020457267761,2021-08-15 23:44:22.760656,2021-08-16 00:01:34.213793,0 days 00:17:11.453137,512,0.13066042408710807,0.9185892426555903,0.049639718968819434,3,0.17284067251008728,4.055532184882015e-05,0.00023027106634528405,41.07006904812246,2,1,92.79921275952648,,,,48.1129462935545,56.613294298789214,,,COMPLETE
234,234,,2021-08-16 00:01:34.254832,,,512,0.12928892137784959,0.9113510850702558,0.03965532175952069,3,0.15904805198897262,5.343195069636012e-05,0.0002151989363801668,43.91673023307657,2,1,93.35996693980061,,,,44.172223575612676,53.536984981108056,,,RUNNING
